url,status,final_url,impressions,clicks,primary_cluster,recommended_action,title,h1,visible_ben_attribution,schema_ben_author,schema_article_authors,schema_article_reviewers,schema_parse_errors,audit_action
https://jus-tice.co.il/%D7%AA%D7%97%D7%A0%D7%95%D7%AA-%D7%9E%D7%A9%D7%98%D7%A8%D7%94-%D7%9B%D7%AA%D7%95%D7%91%D7%AA-%D7%98%D7%9C%D7%A4%D7%95%D7%9F-%D7%A8%D7%A9%D7%99%D7%9E%D7%94-%D7%90%D7%A8%D7%A6%D7%99%D7%AA-%D7%9E%D7%A2%D7%95%D7%93%D7%9B%D7%9F,404,https://jus-tice.co.il/%D7%AA%D7%97%D7%A0%D7%95%D7%AA-%D7%9E%D7%A9%D7%98%D7%A8%D7%94-%D7%9B%D7%AA%D7%95%D7%91%D7%AA-%D7%98%D7%9C%D7%A4%D7%95%D7%9F-%D7%A8%D7%A9%D7%99%D7%9E%D7%94-%D7%90%D7%A8%D7%A6%D7%99%D7%AA-%D7%9E%D7%A2%D7%95%D7%93%D7%9B%D7%9F?jt_author_audit=1779183425746,118014,482,criminal-law,DO_NOT_TOUCH_HIGH_TRAFFIC_URL,Page not found | Jus-Tice.co.il,העמוד לא נמצא,NO,NO,,,,NO_BEN_ATTRIBUTION_DETECTED
https://jus-tice.co.il/criminal-defense-attorney,200,https://jus-tice.co.il/criminal-defense-attorney/?jt_author_audit=1779183427301,62561,10,criminal-law,DO_NOT_TOUCH_HIGH_TRAFFIC_URL,עורך דין פלילי | עו&quot;ד פלילי | משרדי עורכי דין פליליים,עורך דין פלילי בישראל: המדריך המלא | מעודכן 2026,YES,YES,Person | עו״ד בן בטש | https://jus-tice.co.il/,,,REVIEW_AND_REPLACE_WITH_ORG_OR_VERIFIED_REVIEWER
https://jus-tice.co.il/%D7%A2%D7%95%D7%A8%D7%9B%D7%99-%D7%93%D7%99%D7%9F/%D7%A2%D7%95%D7%A8%D7%9B%D7%99-%D7%94%D7%93%D7%99%D7%9F-%D7%94%D7%9E%D7%A4%D7%95%D7%A8%D7%A1%D7%9E%D7%99%D7%9D-%D7%91%D7%99%D7%95%D7%AA%D7%A8-%D7%9C%D7%94%D7%92%D7%A0%D7%94-%D7%A4%D7%9C%D7%99%D7%9C,404,https://jus-tice.co.il/%D7%A2%D7%95%D7%A8%D7%9B%D7%99-%D7%93%D7%99%D7%9F/%D7%A2%D7%95%D7%A8%D7%9B%D7%99-%D7%94%D7%93%D7%99%D7%9F-%D7%94%D7%9E%D7%A4%D7%95%D7%A8%D7%A1%D7%9E%D7%99%D7%9D-%D7%91%D7%99%D7%95%D7%AA%D7%A8-%D7%9C%D7%94%D7%92%D7%A0%D7%94-%D7%A4%D7%9C%D7%99%D7%9C?jt_author_audit=1779183430175,52640,96,criminal-law,DO_NOT_TOUCH_HIGH_TRAFFIC_URL,Page not found | Jus-Tice.co.il,העמוד לא נמצא,NO,NO,,,,NO_BEN_ATTRIBUTION_DETECTED
https://jus-tice.co.il/apply-for-police-criminal-information-certificates,200,https://jus-tice.co.il/apply-for-police-criminal-information-certificates/?jt_author_audit=1779183431572,38667,188,criminal-law,DO_NOT_TOUCH_HIGH_TRAFFIC_URL,טופס בקשה לתעודת מידע פלילי | תעודת יושר | היעדר מרשם פלילי | Jus-Tice.co.il,טופס בקשה לתעודת מידע פלילי | תעודת יושר | היעדר מרשם פלילי,YES,YES,Person | עו״ד בן בטש | https://jus-tice.co.il/,,,REVIEW_AND_REPLACE_WITH_ORG_OR_VERIFIED_REVIEWER
https://jus-tice.co.il/%D7%9E%D7%97%D7%99%D7%A8%D7%95%D7%9F-%D7%9E%D7%95%D7%9E%D7%9C%D7%A5-%D7%A2%D7%95%D7%A8%D7%9A-%D7%93%D7%99%D7%9F-%D7%A4%D7%9C%D7%99%D7%9C%D7%99,404,https://jus-tice.co.il/%D7%9E%D7%97%D7%99%D7%A8%D7%95%D7%9F-%D7%9E%D7%95%D7%9E%D7%9C%D7%A5-%D7%A2%D7%95%D7%A8%D7%9A-%D7%93%D7%99%D7%9F-%D7%A4%D7%9C%D7%99%D7%9C%D7%99?jt_author_audit=1779183434411,38017,234,criminal-law,DO_NOT_TOUCH_HIGH_TRAFFIC_URL,Page not found | Jus-Tice.co.il,העמוד לא נמצא,NO,NO,,,,NO_BEN_ATTRIBUTION_DETECTED
https://jus-tice.co.il/police-records-data-deletion,200,https://jus-tice.co.il/police-records-data-deletion/?jt_author_audit=1779183435858,34081,8,criminal-law,DO_NOT_TOUCH_HIGH_TRAFFIC_URL,מחיקת רישום משטרתי | ביטול רישום של תיקים סגורים | Jus-Tice.co.il,מחיקת רישום משטרתי | ביטול רישום של תיקים סגורים,YES,YES,Person | עו״ד בן בטש | https://jus-tice.co.il/,,,REVIEW_AND_REPLACE_WITH_ORG_OR_VERIFIED_REVIEWER
https://jus-tice.co.il/sex-crime-lawyer,200,https://jus-tice.co.il/sex-crime-lawyer/?jt_author_audit=1779183438706,27904,34,UNKNOWN,DO_NOT_TOUCH_HIGH_TRAFFIC_URL,עורך דין לענייני עבירות מין | טענות הגנה בעבירות מין | עו&quot;ד פלילי חקירת עבירות מין | Jus-Tice.co.il,עורך דין לענייני עבירות מין | טענות הגנה בעבירות מין | עו&quot;ד פלילי חקירת עבירות מין,YES,YES,Person | עו״ד בן בטש | https://jus-tice.co.il/,,,REVIEW_AND_REPLACE_WITH_ORG_OR_VERIFIED_REVIEWER
https://jus-tice.co.il/drug-related-crime,200,https://jus-tice.co.il/drug-related-crime/?jt_author_audit=1779183441531,24014,3,criminal-law,DO_NOT_TOUCH_HIGH_TRAFFIC_URL,עבירות סמים | Jus-Tice.co.il,עבירות סמים,YES,YES,Person | עו״ד בן בטש | https://jus-tice.co.il/,,,REVIEW_AND_REPLACE_WITH_ORG_OR_VERIFIED_REVIEWER
https://jus-tice.co.il/lahav-433,200,https://jus-tice.co.il/lahav-433/?jt_author_audit=1779183444283,23382,302,UNKNOWN,DO_NOT_TOUCH_HIGH_TRAFFIC_URL,להב 433: מבנה היחידה כתובות וטלפונים | משטרת ישראל להב 433 | Jus-Tice.co.il,להב 433: מבנה היחידה כתובות וטלפונים | משטרת ישראל להב 433,YES,YES,Person | עו״ד בן בטש | https://jus-tice.co.il/,,,REVIEW_AND_REPLACE_WITH_ORG_OR_VERIFIED_REVIEWER
https://jus-tice.co.il/how-much-will-a-criminal-defense-lawyer-cost,200,https://jus-tice.co.il/how-much-will-a-criminal-defense-lawyer-cost/?jt_author_audit=1779183447198,23313,224,inheritance-wills,DO_NOT_TOUCH_HIGH_TRAFFIC_URL,כמה עולה ייצוג עורך דין פלילי? | מחירון מומלץ 2024 | Jus-Tice.co.il,כמה עולה ייצוג עורך דין פלילי? | מחירון מומלץ 2024,YES,YES,Person | עו״ד בן בטש | https://jus-tice.co.il/,,,REVIEW_AND_REPLACE_WITH_ORG_OR_VERIFIED_REVIEWER
https://jus-tice.co.il/tax-investigation-guide,200,https://jus-tice.co.il/tax-investigation-guide/?jt_author_audit=1779183449973,22811,115,criminal-law,DO_NOT_TOUCH_HIGH_TRAFFIC_URL,מדריך 2025 לקראת חקירה במס הכנסה - כל מה שצריך לדעת | חקירות מס הכנסה ועבירות מס | Jus-Tice.co.il,מדריך 2025 לקראת חקירה במס הכנסה &#8211; כל מה שצריך לדעת | חקירות מס הכנסה ועבירות מס,YES,YES,Person | עו״ד בן בטש | https://jus-tice.co.il/,,,REVIEW_AND_REPLACE_WITH_ORG_OR_VERIFIED_REVIEWER
https://jus-tice.co.il/articles/%D7%9E%D7%97%D7%99%D7%A7%D7%AA-%D7%9B%D7%AA%D7%91-%D7%90%D7%99%D7%A9%D7%95%D7%9D-%D7%97%D7%96%D7%A8%D7%94-%D7%9E%D7%9B%D7%AA%D7%91-%D7%90%D7%99%D7%A9%D7%95%D7%9D-%D7%91%D7%99%D7%98%D7%95%D7%9C,200,https://jus-tice.co.il/indictment-cancellation/,18431,11,criminal-law,DO_NOT_TOUCH_HIGH_TRAFFIC_URL,מחיקת כתב אישום | חזרה מכתב אישום | ביטול כתב אישום | Jus-Tice.co.il,מחיקת כתב אישום | חזרה מכתב אישום | ביטול כתב אישום,YES,YES,Person | עו״ד בן בטש | https://jus-tice.co.il/,,,REVIEW_AND_REPLACE_WITH_ORG_OR_VERIFIED_REVIEWER
https://jus-tice.co.il/famous-criminal-defense-lawyer,200,https://jus-tice.co.il/famous-criminal-defense-lawyer/?jt_author_audit=1779183457117,16268,90,criminal-law,DO_NOT_TOUCH_HIGH_TRAFFIC_URL,עורך דין פלילי מפורסם | עורכי הדין הפליליים המובילים בישראל ובעולם (2025) | Jus-Tice.co.il,עורך דין פלילי מפורסם | עורכי הדין הפליליים המובילים בישראל ובעולם (2025),YES,YES,Person | עו״ד בן בטש | https://jus-tice.co.il/,,,REVIEW_AND_REPLACE_WITH_ORG_OR_VERIFIED_REVIEWER
https://jus-tice.co.il/%D7%A2%D7%95%D7%A8%D7%9A-%D7%93%D7%99%D7%9F-%D7%A4%D7%9C%D7%99%D7%9C%D7%99-%D7%9E%D7%A4%D7%95%D7%A8%D7%A1%D7%9D-%D7%A2%D7%95%D7%93-%D7%A4%D7%9C%D7%99%D7%9C%D7%99-%D7%9E%D7%A4%D7%95%D7%A8%D7%A1%D7%9D-%D7%91%D7%99%D7%A9%D7%A8%D7%90%D7%9C,404,https://jus-tice.co.il/%D7%A2%D7%95%D7%A8%D7%9A-%D7%93%D7%99%D7%9F-%D7%A4%D7%9C%D7%99%D7%9C%D7%99-%D7%9E%D7%A4%D7%95%D7%A8%D7%A1%D7%9D-%D7%A2%D7%95%D7%93-%D7%A4%D7%9C%D7%99%D7%9C%D7%99-%D7%9E%D7%A4%D7%95%D7%A8%D7%A1%D7%9D-%D7%91%D7%99%D7%A9%D7%A8%D7%90%D7%9C?jt_author_audit=1779183460248,14309,15,criminal-law,DO_NOT_TOUCH_HIGH_TRAFFIC_URL,Page not found | Jus-Tice.co.il,העמוד לא נמצא,NO,NO,,,,NO_BEN_ATTRIBUTION_DETECTED
https://jus-tice.co.il/%D7%98%D7%95%D7%A4%D7%A1-%D7%9C%D7%A4%D7%99-%D7%97%D7%95%D7%A7-%D7%9C%D7%9E%D7%A0%D7%99%D7%A2%D7%AA-%D7%94%D7%A2%D7%A1%D7%A7%D7%94-%D7%A9%D7%9C-%D7%A2%D7%91%D7%A8%D7%99%D7%99%D7%A0%D7%99-%D7%9E%D7%99%D7%9F-%D7%91%D7%9E%D7%95%D7%A1%D7%93-%D7%94%D7%9E%D7%9B%D7%95%D7%95%D7%9F-%D7%9C%D7%9E%D7%AA%D7%9F-%D7%A9%D7%99%D7%A8%D7%95%D7%AA-%D7%9C%D7%A7%D7%98%D7%99%D7%A0%D7%99%D7%9D,404,https://jus-tice.co.il/%D7%98%D7%95%D7%A4%D7%A1-%D7%9C%D7%A4%D7%99-%D7%97%D7%95%D7%A7-%D7%9C%D7%9E%D7%A0%D7%99%D7%A2%D7%AA-%D7%94%D7%A2%D7%A1%D7%A7%D7%94-%D7%A9%D7%9C-%D7%A2%D7%91%D7%A8%D7%99%D7%99%D7%A0%D7%99-%D7%9E%D7%99%D7%9F-%D7%91%D7%9E%D7%95%D7%A1%D7%93-%D7%94%D7%9E%D7%9B%D7%95%D7%95%D7%9F-%D7%9C%D7%9E%D7%AA%D7%9F-%D7%A9%D7%99%D7%A8%D7%95%D7%AA-%D7%9C%D7%A7%D7%98%D7%99%D7%A0%D7%99%D7%9D?jt_author_audit=1779183461931,13626,128,criminal-law,DO_NOT_TOUCH_HIGH_TRAFFIC_URL,Page not found | Jus-Tice.co.il,העמוד לא נמצא,NO,NO,,,,NO_BEN_ATTRIBUTION_DETECTED
https://jus-tice.co.il/lawyer-near-me-criminal-law,200,https://jus-tice.co.il/lawyer-near-me-criminal-law/?jt_author_audit=1779183463435,12986,13,criminal-law,DO_NOT_TOUCH_HIGH_TRAFFIC_URL,עורכי הדין להגנה פלילית הטובים ביותר בקרבתי - דירוגי עורכי דין | Jus-Tice.co.il,עורכי הדין להגנה פלילית הטובים ביותר בקרבתי &#8211; דירוגי עורכי דין,YES,YES,Person | עו״ד בן בטש | https://jus-tice.co.il/,,,REVIEW_AND_REPLACE_WITH_ORG_OR_VERIFIED_REVIEWER
https://jus-tice.co.il/%D7%9E%D7%A9%D7%A8%D7%93-%D7%A2%D7%95%D7%A8%D7%9B%D7%99-%D7%93%D7%99%D7%9F-%D7%A4%D7%9C%D7%99%D7%9C%D7%99-%D7%94%D7%9B%D7%99-%D7%98%D7%95%D7%91-%D7%AA%D7%9C-%D7%90%D7%91%D7%99%D7%91,404,https://jus-tice.co.il/%D7%9E%D7%A9%D7%A8%D7%93-%D7%A2%D7%95%D7%A8%D7%9B%D7%99-%D7%93%D7%99%D7%9F-%D7%A4%D7%9C%D7%99%D7%9C%D7%99-%D7%94%D7%9B%D7%99-%D7%98%D7%95%D7%91-%D7%AA%D7%9C-%D7%90%D7%91%D7%99%D7%91?jt_author_audit=1779183466224,12758,4,criminal-law,DO_NOT_TOUCH_HIGH_TRAFFIC_URL,Page not found | Jus-Tice.co.il,העמוד לא נמצא,NO,NO,,,,NO_BEN_ATTRIBUTION_DETECTED
https://jus-tice.co.il/economic-crimes-white-collar-lawyer,200,https://jus-tice.co.il/economic-crimes-white-collar-lawyer/?jt_author_audit=1779183467653,11283,20,criminal-law,DO_NOT_TOUCH_HIGH_TRAFFIC_URL,עורך דין עבירות כלכליות וצווארון לבן | מהן עבירות כלכליות וצווארון לבן? | Jus-Tice.co.il,עורך דין עבירות כלכליות וצווארון לבן | מהן עבירות כלכליות וצווארון לבן?,YES,YES,Person | עו״ד בן בטש | https://jus-tice.co.il/,,,REVIEW_AND_REPLACE_WITH_ORG_OR_VERIFIED_REVIEWER
https://jus-tice.co.il/%D7%A2%D7%95%D7%A8%D7%9A-%D7%93%D7%99%D7%9F-%D7%A4%D7%9C%D7%99%D7%9C%D7%99-%D7%94%D7%9B%D7%99-%D7%98%D7%95%D7%91-%D7%91%D7%90%D7%A8%D7%A5,404,https://jus-tice.co.il/%D7%A2%D7%95%D7%A8%D7%9A-%D7%93%D7%99%D7%9F-%D7%A4%D7%9C%D7%99%D7%9C%D7%99-%D7%94%D7%9B%D7%99-%D7%98%D7%95%D7%91-%D7%91%D7%90%D7%A8%D7%A5?jt_author_audit=1779183470452,11054,9,criminal-law,DO_NOT_TOUCH_HIGH_TRAFFIC_URL,Page not found | Jus-Tice.co.il,העמוד לא נמצא,NO,NO,,,,NO_BEN_ATTRIBUTION_DETECTED
https://jus-tice.co.il/psakdin/%D7%94%D7%98%D7%99%D7%A4%D7%95%D7%9C-%D7%91%D7%A0%D7%A4%D7%92%D7%A2%D7%99-%D7%A2%D7%91%D7%99%D7%A8%D7%95%D7%AA-%D7%9E%D7%99%D7%9F-%D7%91%D7%94%D7%9C%D7%99%D7%9A-%D7%94%D7%A4%D7%9C%D7%99%D7%9C%D7%99,200,https://jus-tice.co.il/psakdin/sex-offenses-process-criminal-law-account/,10551,46,criminal-law,DO_NOT_TOUCH_HIGH_TRAFFIC_URL,הטיפול בנפגעי עבירות מין בהליך הפלילי – דין וחשבון | Jus-Tice.co.il,הטיפול בנפגעי עבירות מין בהליך הפלילי – דין וחשבון,YES,YES,Person | עו״ד בן בטש | https://jus-tice.co.il/,,,REVIEW_AND_REPLACE_WITH_ORG_OR_VERIFIED_REVIEWER
https://jus-tice.co.il/leading-criminal-law-firm,404,https://jus-tice.co.il/leading-criminal-law-firm?jt_author_audit=1779183474883,10533,16,criminal-law,DO_NOT_TOUCH_HIGH_TRAFFIC_URL,Page not found | Jus-Tice.co.il,העמוד לא נמצא,NO,NO,,,,NO_BEN_ATTRIBUTION_DETECTED
https://jus-tice.co.il/%D7%94%D7%9C%D7%99%D7%9A-%D7%94%D7%9E%D7%A2%D7%A6%D7%A8-%D7%9B%D7%9E%D7%94-%D7%A2%D7%95%D7%9C%D7%94-%D7%A2%D7%95%D7%A8%D7%9A-%D7%93%D7%99%D7%9F-%D7%9E%D7%A2%D7%A6%D7%A8%D7%99%D7%9D-%D7%9E%D7%97%D7%99%D7%A8%D7%95%D7%9F-%D7%A2%D7%95%D7%93-%D7%A4%D7%9C%D7%99%D7%9C%D7%99,404,https://jus-tice.co.il/%D7%94%D7%9C%D7%99%D7%9A-%D7%94%D7%9E%D7%A2%D7%A6%D7%A8-%D7%9B%D7%9E%D7%94-%D7%A2%D7%95%D7%9C%D7%94-%D7%A2%D7%95%D7%A8%D7%9A-%D7%93%D7%99%D7%9F-%D7%9E%D7%A2%D7%A6%D7%A8%D7%99%D7%9D-%D7%9E%D7%97%D7%99%D7%A8%D7%95%D7%9F-%D7%A2%D7%95%D7%93-%D7%A4%D7%9C%D7%99%D7%9C%D7%99?jt_author_audit=1779183476257,10165,22,criminal-law,DO_NOT_TOUCH_HIGH_TRAFFIC_URL,Page not found | Jus-Tice.co.il,העמוד לא נמצא,NO,NO,,,,NO_BEN_ATTRIBUTION_DETECTED
https://jus-tice.co.il/best-criminal-defence-lawyers-worldwide,200,https://jus-tice.co.il/best-criminal-defence-lawyers-worldwide/?jt_author_audit=1779183477672,9113,70,criminal-law,DO_NOT_TOUCH_HIGH_TRAFFIC_URL,עורכי הדין הפליליים הטובים בעולם ובישראל | סקירת 2025 | Jus-Tice.co.il,עורכי הדין הפליליים הטובים בעולם ובישראל | סקירת 2025,YES,YES,Person | עו״ד בן בטש | https://jus-tice.co.il/,,,REVIEW_AND_REPLACE_WITH_ORG_OR_VERIFIED_REVIEWER
https://jus-tice.co.il/%D7%A1%D7%93%D7%A8-%D7%93%D7%99%D7%9F-%D7%A4%D7%9C%D7%99%D7%9C%D7%99-%D7%97%D7%95%D7%A7-%D7%94%D7%9E%D7%A2%D7%A6%D7%A8%D7%99%D7%9D,404,https://jus-tice.co.il/%D7%A1%D7%93%D7%A8-%D7%93%D7%99%D7%9F-%D7%A4%D7%9C%D7%99%D7%9C%D7%99-%D7%97%D7%95%D7%A7-%D7%94%D7%9E%D7%A2%D7%A6%D7%A8%D7%99%D7%9D?jt_author_audit=1779183480567,8860,30,criminal-law,DO_NOT_TOUCH_HIGH_TRAFFIC_URL,Page not found | Jus-Tice.co.il,העמוד לא נמצא,NO,NO,,,,NO_BEN_ATTRIBUTION_DETECTED
https://jus-tice.co.il/criminal-law,200,https://jus-tice.co.il/practice-areas/criminal-law/,8458,4,criminal-law,DO_NOT_TOUCH_HIGH_TRAFFIC_URL,משפט פלילי | Jus-Tice.co.il,קטגוריה: משפט פלילי,NO,NO,,,,NO_BEN_ATTRIBUTION_DETECTED
https://jus-tice.co.il/everything-you-need-to-know-about-becoming-a-criminal-lawyer,200,https://jus-tice.co.il/everything-you-need-to-know-about-becoming-a-criminal-lawyer/?jt_author_audit=1779183484738,8104,50,criminal-law,DO_NOT_TOUCH_HIGH_TRAFFIC_URL,להיות עו&quot;ד פלילי כל מה שצריך לדעת כדי להיות סנגור פלילי | עורך דין פלילי מומלץ,להיות עו&quot;ד פלילי כל מה שצריך לדעת כדי להיות סנגור פלילי,YES,YES,Person | עו״ד בן בטש | https://jus-tice.co.il/,,,REVIEW_AND_REPLACE_WITH_ORG_OR_VERIFIED_REVIEWER
https://jus-tice.co.il/drug-trafficking,200,https://jus-tice.co.il/drug-trafficking/?jt_author_audit=1779183487565,8084,6,criminal-law,DO_NOT_TOUCH_HIGH_TRAFFIC_URL,"סחר בסמים בישראל | עונשים, הגנות וכל מה שצריך לדעת | Jus-Tice.co.il","סחר בסמים בישראל | עונשים, הגנות וכל מה שצריך לדעת",YES,YES,Person | עו״ד בן בטש | https://jus-tice.co.il/,,,REVIEW_AND_REPLACE_WITH_ORG_OR_VERIFIED_REVIEWER
https://jus-tice.co.il/driving-under-the-influence-of-drugs,200,https://jus-tice.co.il/driving-under-the-influence-of-drugs/?jt_author_audit=1779183490320,7731,2,criminal-law,DO_NOT_TOUCH_HIGH_TRAFFIC_URL,נהיגה תחת השפעת סמים | Jus-Tice.co.il,נהיגה תחת השפעת סמים,YES,YES,Person | עו״ד בן בטש | https://jus-tice.co.il/,,,REVIEW_AND_REPLACE_WITH_ORG_OR_VERIFIED_REVIEWER
https://jus-tice.co.il/%D7%A4%D7%99%D7%A6%D7%95%D7%99-%D7%91%D7%92%D7%99%D7%9F-%D7%90%D7%99%D7%97%D7%95%D7%A8-%D7%91%D7%9E%D7%A1%D7%99%D7%A8%D7%AA-%D7%93%D7%99%D7%A8%D7%94-%D7%9E%D7%A7%D7%91%D7%9C%D7%9F-%D7%AA%D7%90-10300-02-21,404,https://jus-tice.co.il/%D7%A4%D7%99%D7%A6%D7%95%D7%99-%D7%91%D7%92%D7%99%D7%9F-%D7%90%D7%99%D7%97%D7%95%D7%A8-%D7%91%D7%9E%D7%A1%D7%99%D7%A8%D7%AA-%D7%93%D7%99%D7%A8%D7%94-%D7%9E%D7%A7%D7%91%D7%9C%D7%9F-%D7%AA%D7%90-10300-02-21?jt_author_audit=1779183493073,7725,7,real-estate,DO_NOT_TOUCH_HIGH_TRAFFIC_URL,Page not found | Jus-Tice.co.il,העמוד לא נמצא,NO,NO,,,,NO_BEN_ATTRIBUTION_DETECTED
https://jus-tice.co.il/detention-before-charge-or-trial,200,https://jus-tice.co.il/detention-before-charge-or-trial/?jt_author_audit=1779183494444,7530,1,criminal-law,DO_NOT_TOUCH_HIGH_TRAFFIC_URL,מעצר עד תום ההליכים | Jus-Tice.co.il,מעצר עד תום ההליכים,YES,YES,Person | עו״ד בן בטש | https://jus-tice.co.il/,,,REVIEW_AND_REPLACE_WITH_ORG_OR_VERIFIED_REVIEWER
https://jus-tice.co.il/%D7%A2%D7%95%D7%A8%D7%9A-%D7%93%D7%99%D7%9F-%D7%A4%D7%9C%D7%99%D7%9C%D7%99-%D7%A1%D7%9E%D7%99%D7%9D-%D7%94%D7%9E%D7%9C%D7%A6%D7%95%D7%AA-%D7%A2%D7%95%D7%93-%D7%A4%D7%9C%D7%99%D7%9C%D7%99-%D7%9C%D7%A2%D7%91%D7%99%D7%A8%D7%95%D7%AA-%D7%A1%D7%9E%D7%99%D7%9D,404,https://jus-tice.co.il/%D7%A2%D7%95%D7%A8%D7%9A-%D7%93%D7%99%D7%9F-%D7%A4%D7%9C%D7%99%D7%9C%D7%99-%D7%A1%D7%9E%D7%99%D7%9D-%D7%94%D7%9E%D7%9C%D7%A6%D7%95%D7%AA-%D7%A2%D7%95%D7%93-%D7%A4%D7%9C%D7%99%D7%9C%D7%99-%D7%9C%D7%A2%D7%91%D7%99%D7%A8%D7%95%D7%AA-%D7%A1%D7%9E%D7%99%D7%9D?jt_author_audit=1779183497091,6890,2,criminal-law,DO_NOT_TOUCH_HIGH_TRAFFIC_URL,Page not found | Jus-Tice.co.il,העמוד לא נמצא,NO,NO,,,,NO_BEN_ATTRIBUTION_DETECTED
https://jus-tice.co.il/%D7%A2%D7%95%D7%A8%D7%9A-%D7%93%D7%99%D7%9F-%D7%A4%D7%9C%D7%99%D7%9C%D7%99-%D7%91%D7%AA%D7%9C-%D7%90%D7%91%D7%99%D7%91-%D7%A2%D7%95%D7%93-%D7%A4%D7%9C%D7%99%D7%9C%D7%99-%D7%9E%D7%95%D7%9E%D7%9C%D7%A5-%D7%91%D7%AA%D7%90-%D7%95%D7%94%D7%9E%D7%A8%D7%9B%D7%96,404,https://jus-tice.co.il/%D7%A2%D7%95%D7%A8%D7%9A-%D7%93%D7%99%D7%9F-%D7%A4%D7%9C%D7%99%D7%9C%D7%99-%D7%91%D7%AA%D7%9C-%D7%90%D7%91%D7%99%D7%91-%D7%A2%D7%95%D7%93-%D7%A4%D7%9C%D7%99%D7%9C%D7%99-%D7%9E%D7%95%D7%9E%D7%9C%D7%A5-%D7%91%D7%AA%D7%90-%D7%95%D7%94%D7%9E%D7%A8%D7%9B%D7%96?jt_author_audit=1779183498461,6761,0,criminal-law,DO_NOT_TOUCH_HIGH_TRAFFIC_URL,Page not found | Jus-Tice.co.il,העמוד לא נמצא,NO,NO,,,,NO_BEN_ATTRIBUTION_DETECTED
https://jus-tice.co.il/%D7%A1%D7%99%D7%95%D7%A2-%D7%A2%D7%95%D7%93-%D7%A4%D7%9C%D7%99%D7%9C%D7%99-%D7%9C%D7%A4%D7%99-%D7%9E%D7%93%D7%99%D7%A0%D7%94,404,https://jus-tice.co.il/%D7%A1%D7%99%D7%95%D7%A2-%D7%A2%D7%95%D7%93-%D7%A4%D7%9C%D7%99%D7%9C%D7%99-%D7%9C%D7%A4%D7%99-%D7%9E%D7%93%D7%99%D7%A0%D7%94?jt_author_audit=1779183499808,6519,18,criminal-law,DO_NOT_TOUCH_HIGH_TRAFFIC_URL,Page not found | Jus-Tice.co.il,העמוד לא נמצא,NO,NO,,,,NO_BEN_ATTRIBUTION_DETECTED
https://jus-tice.co.il/arrested-abroad-il,200,https://jus-tice.co.il/arrested-abroad-il/?jt_author_audit=1779183501159,6515,86,criminal-law,DO_NOT_TOUCH_HIGH_TRAFFIC_URL,מעצר בחו&quot;ל - מה לעשות? מדריך 2025 לישראלי עצור במדינה זרה | Jus-Tice.co.il,מעצר בחו&quot;ל &#8211; מה לעשות? מדריך 2025 לישראלי עצור במדינה זרה,YES,YES,Person | עו״ד בן בטש | https://jus-tice.co.il/,,,REVIEW_AND_REPLACE_WITH_ORG_OR_VERIFIED_REVIEWER
https://jus-tice.co.il/federal-bureau-of-investigation,200,https://jus-tice.co.il/federal-bureau-of-investigation/?jt_author_audit=1779183503900,6019,53,criminal-law,DO_NOT_TOUCH_HIGH_TRAFFIC_URL,FBI לשכת החקירות הפדרלית ארה&quot;ב | עורך דין פלילי F.B.I | Jus-Tice.co.il,FBI לשכת החקירות הפדרלית ארה&quot;ב | עורך דין פלילי F.B.I,YES,YES,Person | עו״ד בן בטש | https://jus-tice.co.il/,,,REVIEW_AND_REPLACE_WITH_ORG_OR_VERIFIED_REVIEWER
https://jus-tice.co.il/drug-possession,200,https://jus-tice.co.il/drug-possession/?jt_author_audit=1779183506599,5962,4,criminal-law,DO_NOT_TOUCH_HIGH_TRAFFIC_URL,"החזקת סמים בישראל | עונשים, זכויות ואפשרויות משפטיות | Jus-Tice.co.il","החזקת סמים בישראל | עונשים, זכויות ואפשרויות משפטיות",YES,YES,Person | עו״ד בן בטש | https://jus-tice.co.il/,,,REVIEW_AND_REPLACE_WITH_ORG_OR_VERIFIED_REVIEWER
https://jus-tice.co.il/%D7%94%D7%94%D7%9C%D7%99%D7%9A-%D7%94%D7%A4%D7%9C%D7%99%D7%9C%D7%99-%D7%A4%D7%A8%D7%A7%D7%9C%D7%99%D7%98%D7%95%D7%AA-%D7%94%D7%9E%D7%93%D7%99%D7%A0%D7%94-%D7%9E%D7%95%D7%9C-%D7%97%D7%98%D7%99%D7%91%D7%AA-%D7%AA%D7%91%D7%99%D7%A2%D7%95%D7%AA-%D7%94%D7%9E%D7%A9%D7%98%D7%A8%D7%94,404,https://jus-tice.co.il/%D7%94%D7%94%D7%9C%D7%99%D7%9A-%D7%94%D7%A4%D7%9C%D7%99%D7%9C%D7%99-%D7%A4%D7%A8%D7%A7%D7%9C%D7%99%D7%98%D7%95%D7%AA-%D7%94%D7%9E%D7%93%D7%99%D7%A0%D7%94-%D7%9E%D7%95%D7%9C-%D7%97%D7%98%D7%99%D7%91%D7%AA-%D7%AA%D7%91%D7%99%D7%A2%D7%95%D7%AA-%D7%94%D7%9E%D7%A9%D7%98%D7%A8%D7%94?jt_author_audit=1779183509360,5860,72,criminal-law,DO_NOT_TOUCH_HIGH_TRAFFIC_URL,Page not found | Jus-Tice.co.il,העמוד לא נמצא,NO,NO,,,,NO_BEN_ATTRIBUTION_DETECTED
https://jus-tice.co.il/%D7%94%D7%9B%D7%A0%D7%94-%D7%9C%D7%97%D7%A7%D7%99%D7%A8%D7%94-%D7%91%D7%9E%D7%A9%D7%98%D7%A8%D7%94,404,https://jus-tice.co.il/%D7%94%D7%9B%D7%A0%D7%94-%D7%9C%D7%97%D7%A7%D7%99%D7%A8%D7%94-%D7%91%D7%9E%D7%A9%D7%98%D7%A8%D7%94?jt_author_audit=1779183510710,5820,9,criminal-law,DO_NOT_TOUCH_HIGH_TRAFFIC_URL,Page not found | Jus-Tice.co.il,העמוד לא נמצא,NO,NO,,,,NO_BEN_ATTRIBUTION_DETECTED
https://jus-tice.co.il/%D7%94%D7%A1%D7%93%D7%A8-%D7%9E%D7%95%D7%AA%D7%A0%D7%94,404,https://jus-tice.co.il/%D7%94%D7%A1%D7%93%D7%A8-%D7%9E%D7%95%D7%AA%D7%A0%D7%94?jt_author_audit=1779183512150,5761,2,criminal-law,DO_NOT_TOUCH_HIGH_TRAFFIC_URL,Page not found | Jus-Tice.co.il,העמוד לא נמצא,NO,NO,,,,NO_BEN_ATTRIBUTION_DETECTED
https://jus-tice.co.il/expungement-of-criminal-records,200,https://jus-tice.co.il/expungement-of-criminal-records/?jt_author_audit=1779183513493,5725,2,criminal-law,DO_NOT_TOUCH_HIGH_TRAFFIC_URL,מחיקת רישום פלילי | Jus-Tice.co.il,מחיקת רישום פלילי,YES,YES,Person | עו״ד בן בטש | https://jus-tice.co.il/,,,REVIEW_AND_REPLACE_WITH_ORG_OR_VERIFIED_REVIEWER
https://jus-tice.co.il/list-of-types-of-fraud,200,https://jus-tice.co.il/list-of-types-of-fraud/?jt_author_audit=1779183516298,5491,31,UNKNOWN,DO_NOT_TOUCH_HIGH_TRAFFIC_URL,עורך דין פלילי הונאה | סוגי הונאה | Jus-Tice.co.il,עורך דין פלילי הונאה | סוגי הונאה,YES,YES,Person | עו״ד בן בטש | https://jus-tice.co.il/,,,REVIEW_AND_REPLACE_WITH_ORG_OR_VERIFIED_REVIEWER
https://jus-tice.co.il/detention-days,200,https://jus-tice.co.il/detention-days/?jt_author_audit=1779183519233,5411,5,criminal-law,DO_NOT_TOUCH_HIGH_TRAFFIC_URL,מעצר ימים | Jus-Tice.co.il,מעצר ימים,YES,YES,Person | עו״ד בן בטש | https://jus-tice.co.il/,,,REVIEW_AND_REPLACE_WITH_ORG_OR_VERIFIED_REVIEWER
https://jus-tice.co.il/%D7%94%D7%A0%D7%97%D7%99%D7%99%D7%AA-%D7%A4%D7%A8%D7%A7%D7%9C%D7%99%D7%98-%D7%94%D7%9E%D7%93%D7%99%D7%A0%D7%94-%D7%9E%D7%A1%D7%A4%D7%A8-25-%D7%9E%D7%93%D7%99%D7%A0%D7%99%D7%95%D7%AA-%D7%A4%D7%AA%D7%99%D7%97%D7%94-%D7%91%D7%97%D7%A7%D7%99%D7%A8%D7%94-%D7%95%D7%94%D7%A2%D7%9E%D7%93%D7%94-%D7%9C%D7%93%D7%99%D7%9F-%D7%91%D7%92%D7%99%D7%9F-%D7%97%D7%A9%D7%93-%D7%9C%D7%9E%D7%A1%D7%99%D7%A8%D7%AA-%D7%90%D7%9E%D7%A8%D7%94-%D7%90%D7%95-%D7%A2%D7%93%D7%95%D7%AA-%D7%9B%D7%95%D7%96%D7%91%D7%AA,404,https://jus-tice.co.il/%D7%94%D7%A0%D7%97%D7%99%D7%99%D7%AA-%D7%A4%D7%A8%D7%A7%D7%9C%D7%99%D7%98-%D7%94%D7%9E%D7%93%D7%99%D7%A0%D7%94-%D7%9E%D7%A1%D7%A4%D7%A8-25-%D7%9E%D7%93%D7%99%D7%A0%D7%99%D7%95%D7%AA-%D7%A4%D7%AA%D7%99%D7%97%D7%94-%D7%91%D7%97%D7%A7%D7%99%D7%A8%D7%94-%D7%95%D7%94%D7%A2%D7%9E%D7%93%D7%94-%D7%9C%D7%93%D7%99%D7%9F-%D7%91%D7%92%D7%99%D7%9F-%D7%97%D7%A9%D7%93-%D7%9C%D7%9E%D7%A1%D7%99%D7%A8%D7%AA-%D7%90%D7%9E%D7%A8%D7%94-%D7%90%D7%95-%D7%A2%D7%93%D7%95%D7%AA-%D7%9B%D7%95%D7%96%D7%91%D7%AA?jt_author_audit=1779183521997,4686,47,criminal-law,NEEDS_CONTENT_REVIEW,Page not found | Jus-Tice.co.il,העמוד לא נמצא,NO,NO,,,,NO_BEN_ATTRIBUTION_DETECTED
https://jus-tice.co.il/articles/%D7%9E%D7%A7%D7%A8%D7%99-%D7%A8%D7%A9%D7%9C%D7%A0%D7%95%D7%AA-%D7%A8%D7%A4%D7%95%D7%90%D7%99%D7%AA-%D7%93%D7%95%D7%92%D7%9E%D7%90%D7%95%D7%AA,200,https://jus-tice.co.il/medical-malpractice-7583/,4642,5,medical-malpractice,NEEDS_CONTENT_REVIEW,מקרי רשלנות רפואית דוגמאות | Jus-Tice.co.il,מקרי רשלנות רפואית דוגמאות,YES,YES,Person | עו״ד בן בטש | https://jus-tice.co.il/,,,REVIEW_AND_REPLACE_WITH_ORG_OR_VERIFIED_REVIEWER
https://jus-tice.co.il/articles/%D7%A2%D7%95%D7%A8%D7%9A-%D7%93%D7%99%D7%9F-%D7%9E%D7%A9%D7%A4%D7%98-%D7%A4%D7%9C%D7%99%D7%9C%D7%99-%D7%91%D7%99%D7%A0%D7%9C%D7%90%D7%95%D7%9E%D7%99,200,https://jus-tice.co.il/criminal-law-lawyer-international/,4641,6,criminal-law,NEEDS_CONTENT_REVIEW,עורך דין משפט פלילי בינלאומי | Jus-Tice.co.il,עורך דין משפט פלילי בינלאומי,YES,YES,Person | עו״ד בן בטש | https://jus-tice.co.il/,,,REVIEW_AND_REPLACE_WITH_ORG_OR_VERIFIED_REVIEWER
https://jus-tice.co.il/%D7%A2%D7%95%D7%A8%D7%9A-%D7%93%D7%99%D7%9F-%D7%A4%D7%9C%D7%99%D7%9C%D7%99-%D7%90%D7%99%D7%A8%D7%95%D7%A4%D7%94-%D7%94%D7%92%D7%A0%D7%94-%D7%A4%D7%9C%D7%99%D7%9C%D7%99%D7%AA-%D7%99%D7%A2%D7%99%D7%9C%D7%94-%D7%9E%D7%96%D7%A8%D7%97-%D7%90%D7%99%D7%A8%D7%95%D7%A4%D7%94,404,https://jus-tice.co.il/%D7%A2%D7%95%D7%A8%D7%9A-%D7%93%D7%99%D7%9F-%D7%A4%D7%9C%D7%99%D7%9C%D7%99-%D7%90%D7%99%D7%A8%D7%95%D7%A4%D7%94-%D7%94%D7%92%D7%A0%D7%94-%D7%A4%D7%9C%D7%99%D7%9C%D7%99%D7%AA-%D7%99%D7%A2%D7%99%D7%9C%D7%94-%D7%9E%D7%96%D7%A8%D7%97-%D7%90%D7%99%D7%A8%D7%95%D7%A4%D7%94?jt_author_audit=1779183531624,4602,14,criminal-law,NEEDS_CONTENT_REVIEW,Page not found | Jus-Tice.co.il,העמוד לא נמצא,NO,NO,,,,NO_BEN_ATTRIBUTION_DETECTED
https://jus-tice.co.il/extension-of-detention-for-more-than-thirty-days,200,https://jus-tice.co.il/extension-of-detention-for-more-than-thirty-days/?jt_author_audit=1779183532952,4441,10,criminal-law,NEEDS_CONTENT_REVIEW,הארכת מעצר מעל שלושים ימים | Jus-Tice.co.il,הארכת מעצר מעל שלושים ימים,YES,YES,Person | עו״ד בן בטש | https://jus-tice.co.il/,,,REVIEW_AND_REPLACE_WITH_ORG_OR_VERIFIED_REVIEWER
https://jus-tice.co.il/israel-police,200,https://jus-tice.co.il/israel-police/?jt_author_audit=1779183535956,4436,2,criminal-law,NEEDS_CONTENT_REVIEW,מהי משטרה? משטרת ישראל | Jus-Tice.co.il,מהי משטרה? משטרת ישראל,YES,YES,Person | עו״ד בן בטש | https://jus-tice.co.il/,,,REVIEW_AND_REPLACE_WITH_ORG_OR_VERIFIED_REVIEWER
https://jus-tice.co.il/%D7%94%D7%A8%D7%A9%D7%A2%D7%AA-%D7%A0%D7%90%D7%A9%D7%9D-%D7%91%D7%A2%D7%91%D7%99%D7%A8%D7%95%D7%AA-%D7%9E%D7%99%D7%9F-%D7%91%D7%91%D7%AA%D7%95-%D7%95%D7%90%D7%9C%D7%99%D7%9E%D7%95%D7%AA-%D7%9B%D7%9C%D7%A4%D7%99-%D7%99%D7%9C%D7%93%D7%99%D7%95,404,https://jus-tice.co.il/%D7%94%D7%A8%D7%A9%D7%A2%D7%AA-%D7%A0%D7%90%D7%A9%D7%9D-%D7%91%D7%A2%D7%91%D7%99%D7%A8%D7%95%D7%AA-%D7%9E%D7%99%D7%9F-%D7%91%D7%91%D7%AA%D7%95-%D7%95%D7%90%D7%9C%D7%99%D7%9E%D7%95%D7%AA-%D7%9B%D7%9C%D7%A4%D7%99-%D7%99%D7%9C%D7%93%D7%99%D7%95?jt_author_audit=1779183538843,4373,149,criminal-law,DO_NOT_TOUCH_HIGH_TRAFFIC_URL,Page not found | Jus-Tice.co.il,העמוד לא נמצא,NO,NO,,,,NO_BEN_ATTRIBUTION_DETECTED
https://jus-tice.co.il/%D7%A2%D7%95%D7%A8%D7%9A-%D7%93%D7%99%D7%9F-%D7%A4%D7%9C%D7%99%D7%9C%D7%99-%D7%A9%D7%9B%D7%A8-%D7%9B%D7%9E%D7%94-%D7%9E%D7%A8%D7%95%D7%95%D7%99%D7%97-%D7%A2%D7%95%D7%93-%D7%A4%D7%9C%D7%99%D7%9C%D7%99-%D7%91%D7%99%D7%A9%D7%A8%D7%90%D7%9C,404,https://jus-tice.co.il/%D7%A2%D7%95%D7%A8%D7%9A-%D7%93%D7%99%D7%9F-%D7%A4%D7%9C%D7%99%D7%9C%D7%99-%D7%A9%D7%9B%D7%A8-%D7%9B%D7%9E%D7%94-%D7%9E%D7%A8%D7%95%D7%95%D7%99%D7%97-%D7%A2%D7%95%D7%93-%D7%A4%D7%9C%D7%99%D7%9C%D7%99-%D7%91%D7%99%D7%A9%D7%A8%D7%90%D7%9C?jt_author_audit=1779183540219,4239,94,criminal-law,DO_NOT_TOUCH_HIGH_TRAFFIC_URL,Page not found | Jus-Tice.co.il,העמוד לא נמצא,NO,NO,,,,NO_BEN_ATTRIBUTION_DETECTED
https://jus-tice.co.il/psakdin/%D7%A9%D7%99%D7%A2%D7%95%D7%A8%D7%99-%D7%94%D7%A8%D7%A9%D7%A2%D7%94-%D7%95%D7%96%D7%99%D7%9B%D7%95%D7%99-%D7%91%D7%94%D7%9C%D7%99%D7%9B%D7%99%D7%9D-%D7%A4%D7%9C%D7%99%D7%9C%D7%99%D7%99%D7%9D,200,https://jus-tice.co.il/psakdin/conviction-acquittal-proceedings-criminal/,4189,26,criminal-law,NEEDS_CONTENT_REVIEW,שיעורי הרשעה וזיכוי בהליכים פליליים | Jus-Tice.co.il,שיעורי הרשעה וזיכוי בהליכים פליליים,YES,YES,Person | עו״ד בן בטש | https://jus-tice.co.il/,,,REVIEW_AND_REPLACE_WITH_ORG_OR_VERIFIED_REVIEWER
https://jus-tice.co.il/%D7%A2%D7%95%D7%A0%D7%A9-%D7%A4%D7%9C%D7%99%D7%9C%D7%99-%D7%9C%D7%A0%D7%90%D7%A9%D7%9D-%D7%91%D7%90%D7%99%D7%A0%D7%95%D7%A1-%D7%95%D7%9E%D7%A2%D7%A9%D7%94-%D7%A1%D7%93%D7%95%D7%9D-%D7%91%D7%A7%D7%98%D7%99%D7%A0%D7%94,404,https://jus-tice.co.il/%D7%A2%D7%95%D7%A0%D7%A9-%D7%A4%D7%9C%D7%99%D7%9C%D7%99-%D7%9C%D7%A0%D7%90%D7%A9%D7%9D-%D7%91%D7%90%D7%99%D7%A0%D7%95%D7%A1-%D7%95%D7%9E%D7%A2%D7%A9%D7%94-%D7%A1%D7%93%D7%95%D7%9D-%D7%91%D7%A7%D7%98%D7%99%D7%A0%D7%94?jt_author_audit=1779183544420,3951,73,criminal-law,DO_NOT_TOUCH_HIGH_TRAFFIC_URL,Page not found | Jus-Tice.co.il,העמוד לא נמצא,NO,NO,,,,NO_BEN_ATTRIBUTION_DETECTED
https://jus-tice.co.il/%D7%A2%D7%95%D7%A0%D7%A9-%D7%A4%D7%9C%D7%99%D7%9C%D7%99-%D7%AA%D7%A7%D7%99%D7%A4%D7%AA-%D7%91%D7%AA-%D7%96%D7%95%D7%92-%D7%95%D7%A2%D7%91%D7%99%D7%A8%D7%95%D7%AA-%D7%90%D7%99%D7%95%D7%9E%D7%99%D7%9D,200,https://jus-tice.co.il/punishment-criminal-offenses/,3942,16,criminal-law,NEEDS_CONTENT_REVIEW,עונש פלילי תקיפת בת זוג ועבירות איומים | Jus-Tice.co.il,עונש פלילי תקיפת בת זוג ועבירות איומים,YES,YES,Person | עו״ד בן בטש | https://jus-tice.co.il/,,,REVIEW_AND_REPLACE_WITH_ORG_OR_VERIFIED_REVIEWER
https://jus-tice.co.il/%D7%A2%D7%95%D7%A0%D7%A9-%D7%A4%D7%9C%D7%99%D7%9C%D7%99-%D7%A2%D7%9C-%D7%94%D7%A4%D7%A6%D7%AA-%D7%AA%D7%9B%D7%A0%D7%99%D7%9D-%D7%9E%D7%99%D7%A0%D7%99%D7%99%D7%9D-%D7%91%D7%98%D7%9C%D7%92%D7%A8%D7%9D-%D7%92%D7%96%D7%A8-%D7%93%D7%99%D7%9F,404,https://jus-tice.co.il/%D7%A2%D7%95%D7%A0%D7%A9-%D7%A4%D7%9C%D7%99%D7%9C%D7%99-%D7%A2%D7%9C-%D7%94%D7%A4%D7%A6%D7%AA-%D7%AA%D7%9B%D7%A0%D7%99%D7%9D-%D7%9E%D7%99%D7%A0%D7%99%D7%99%D7%9D-%D7%91%D7%98%D7%9C%D7%92%D7%A8%D7%9D-%D7%92%D7%96%D7%A8-%D7%93%D7%99%D7%9F?jt_author_audit=1779183548606,3883,22,criminal-law,NEEDS_CONTENT_REVIEW,Page not found | Jus-Tice.co.il,העמוד לא נמצא,NO,NO,,,,NO_BEN_ATTRIBUTION_DETECTED
https://jus-tice.co.il/%D7%A7%D7%98%D7%92%D7%95%D7%A8%D7%99%D7%95%D7%AA-%D7%9E%D7%90%D7%9E%D7%A8%D7%99%D7%9D/%D7%9E%D7%A9%D7%A4%D7%98-%D7%A4%D7%9C%D7%99%D7%9C%D7%99/%D7%A4%D7%9C%D7%99%D7%9C%D7%99-%D7%A4%D7%A1%D7%A7%D7%99-%D7%93%D7%99%D7%9F-%D7%97%D7%A9%D7%95%D7%91%D7%99%D7%9D,404,https://jus-tice.co.il/%D7%A7%D7%98%D7%92%D7%95%D7%A8%D7%99%D7%95%D7%AA-%D7%9E%D7%90%D7%9E%D7%A8%D7%99%D7%9D/%D7%9E%D7%A9%D7%A4%D7%98-%D7%A4%D7%9C%D7%99%D7%9C%D7%99/%D7%A4%D7%9C%D7%99%D7%9C%D7%99-%D7%A4%D7%A1%D7%A7%D7%99-%D7%93%D7%99%D7%9F-%D7%97%D7%A9%D7%95%D7%91%D7%99%D7%9D?jt_author_audit=1779183550059,3810,67,criminal-law,DO_NOT_TOUCH_HIGH_TRAFFIC_URL,Page not found | Jus-Tice.co.il,העמוד לא נמצא,NO,NO,,,,NO_BEN_ATTRIBUTION_DETECTED
https://jus-tice.co.il/%D7%A2%D7%95%D7%A8%D7%9A-%D7%93%D7%99%D7%9F-%D7%A4%D7%9C%D7%99%D7%9C%D7%99-%D7%AA%D7%95%D7%AA%D7%97,404,https://jus-tice.co.il/%D7%A2%D7%95%D7%A8%D7%9A-%D7%93%D7%99%D7%9F-%D7%A4%D7%9C%D7%99%D7%9C%D7%99-%D7%AA%D7%95%D7%AA%D7%97?jt_author_audit=1779183551458,3607,4,criminal-law,NEEDS_CONTENT_REVIEW,Page not found | Jus-Tice.co.il,העמוד לא נמצא,NO,NO,,,,NO_BEN_ATTRIBUTION_DETECTED
https://jus-tice.co.il/articles/%D7%91%D7%A7%D7%A9%D7%94-%D7%9C%D7%94%D7%A2%D7%AA%D7%A7%D7%AA-%D7%97%D7%95%D7%9E%D7%A8%D7%99-%D7%97%D7%A7%D7%99%D7%A8%D7%94-%D7%95%D7%9E%D7%A1%D7%9E%D7%9B%D7%99%D7%9D-%D7%91%D7%94%D7%9C%D7%99%D7%9B,200,https://jus-tice.co.il/request-investigation-proceedings-prosecution-law/,3582,26,criminal-law,NEEDS_CONTENT_REVIEW,בקשה להעתקת חומרי חקירה ומסמכים בהליכים המתנהלים בפרקליטות המדינה | Jus-Tice.co.il,בקשה להעתקת חומרי חקירה ומסמכים בהליכים המתנהלים בפרקליטות המדינה,YES,YES,Person | עו״ד בן בטש | https://jus-tice.co.il/,,,REVIEW_AND_REPLACE_WITH_ORG_OR_VERIFIED_REVIEWER
https://jus-tice.co.il/drug-offenses-criminal-lawyer,200,https://jus-tice.co.il/drug-offenses-criminal-lawyer/?jt_author_audit=1779183556955,3189,18,criminal-law,NEEDS_CONTENT_REVIEW,עורך דין עבירות סמים | מדריך 2025 לתחום עבירות סמים | Jus-Tice.co.il,עורך דין עבירות סמים | מדריך 2025 לתחום עבירות סמים,YES,YES,Person | עו״ד בן בטש | https://jus-tice.co.il/,,,REVIEW_AND_REPLACE_WITH_ORG_OR_VERIFIED_REVIEWER
https://jus-tice.co.il/psakdin/%D7%A2%D7%95%D7%A0%D7%A9-%D7%94%D7%97%D7%96%D7%A7%D7%AA-%D7%A7%D7%A0%D7%90%D7%91%D7%99%D7%A1-%D7%99%D7%99%D7%A6%D7%95%D7%A8-%D7%94%D7%9B%D7%A0%D7%94-%D7%95%D7%94%D7%A4%D7%A7%D7%94-%D7%A9%D7%9C-%D7%A1%D7%9D-%D7%95%D7%A2%D7%95%D7%93,404,https://jus-tice.co.il/psakdin/%D7%A2%D7%95%D7%A0%D7%A9-%D7%94%D7%97%D7%96%D7%A7%D7%AA-%D7%A7%D7%A0%D7%90%D7%91%D7%99%D7%A1-%D7%99%D7%99%D7%A6%D7%95%D7%A8-%D7%94%D7%9B%D7%A0%D7%94-%D7%95%D7%94%D7%A4%D7%A7%D7%94-%D7%A9%D7%9C-%D7%A1%D7%9D-%D7%95%D7%A2%D7%95%D7%93?jt_author_audit=1779183559862,3168,11,criminal-law,NEEDS_CONTENT_REVIEW,Page not found | Jus-Tice.co.il,העמוד לא נמצא,NO,NO,,,,NO_BEN_ATTRIBUTION_DETECTED
https://jus-tice.co.il/%D7%A4%D7%9C%D7%99%D7%9C%D7%99-%D7%A4%D7%95%D7%A8%D7%A0%D7%95%D7%92%D7%A8%D7%A4%D7%99%D7%99%D7%AA-%D7%99%D7%9C%D7%93%D7%99%D7%9D,404,https://jus-tice.co.il/%D7%A4%D7%9C%D7%99%D7%9C%D7%99-%D7%A4%D7%95%D7%A8%D7%A0%D7%95%D7%92%D7%A8%D7%A4%D7%99%D7%99%D7%AA-%D7%99%D7%9C%D7%93%D7%99%D7%9D?jt_author_audit=1779183561240,3077,39,criminal-law,NEEDS_CONTENT_REVIEW,Page not found | Jus-Tice.co.il,העמוד לא נמצא,NO,NO,,,,NO_BEN_ATTRIBUTION_DETECTED
https://jus-tice.co.il/psakdin/%D7%90%D7%99%D7%9E%D7%95%D7%A5-%D7%99%D7%9C%D7%93-%D7%9E%D7%90%D7%95%D7%A7%D7%A8%D7%90%D7%99%D7%A0%D7%94-%D7%AA%D7%91%D7%99%D7%A2%D7%AA-%D7%A0%D7%96%D7%99%D7%A7%D7%99%D7%9F-%D7%91%D7%92%D7%99%D7%9F,200,https://jus-tice.co.il/psakdin/lawsuit-torts/,2984,31,criminal-law,NEEDS_MERGE_REVIEW,אימוץ ילד מאוקראינה: תביעת נזיקין בגין אימוץ בין-מדינתי שכשל | Jus-Tice.co.il,אימוץ ילד מאוקראינה: תביעת נזיקין בגין אימוץ בין-מדינתי שכשל,YES,YES,Person | עו״ד בן בטש | https://jus-tice.co.il/,,,REVIEW_AND_REPLACE_WITH_ORG_OR_VERIFIED_REVIEWER
https://jus-tice.co.il/psakdin/%D7%A4%D7%9C%D7%99%D7%9C%D7%99-%D7%94%D7%97%D7%96%D7%A7%D7%AA-%D7%9B%D7%9C%D7%91-%D7%9E%D7%A1%D7%95%D7%9B%D7%9F-%D7%A9%D7%AA%D7%A7%D7%A3-%D7%9C%D7%9C%D7%90-%D7%A8%D7%A9%D7%99%D7%95%D7%9F-%D7%94%D7%A8,200,https://jus-tice.co.il/psakdin/criminal-conviction/,2962,16,criminal-law,NEEDS_CONTENT_REVIEW,פלילי החזקת כלב מסוכן שתקף ללא רשיון הרשעה | Jus-Tice.co.il,פלילי החזקת כלב מסוכן שתקף ללא רשיון הרשעה,YES,YES,Person | עו״ד בן בטש | https://jus-tice.co.il/,,,REVIEW_AND_REPLACE_WITH_ORG_OR_VERIFIED_REVIEWER
https://jus-tice.co.il/articles/%D7%A2%D7%95%D7%A0%D7%A9-%D7%A4%D7%9C%D7%99%D7%9C%D7%99-%D7%9C%D7%A0%D7%90%D7%A9%D7%9D-%D7%91%D7%9E%D7%A2%D7%A9%D7%94-%D7%9E%D7%92%D7%95%D7%A0%D7%94-%D7%91%D7%A0%D7%A1%D7%99%D7%91%D7%95%D7%AA-%D7%9E,200,https://jus-tice.co.il/punishment-criminal-defendant-family-27796-06-20/,2894,35,criminal-law,NEEDS_CONTENT_REVIEW,עונש פלילי לנאשם במעשה מגונה בנסיבות מחמירות במשפחה (תפ&quot;ח 27796-06-20) | Jus-Tice.co.il,עונש פלילי לנאשם במעשה מגונה בנסיבות מחמירות במשפחה (תפ&quot;ח 27796-06-20),YES,YES,Person | עו״ד בן בטש | https://jus-tice.co.il/,,,REVIEW_AND_REPLACE_WITH_ORG_OR_VERIFIED_REVIEWER
https://jus-tice.co.il/%D7%A2%D7%95%D7%A8%D7%9B%D7%99-%D7%93%D7%99%D7%9F-%D7%A4%D7%9C%D7%99%D7%9C%D7%99%D7%99%D7%9D-%D7%9E%D7%A4%D7%95%D7%A8%D7%A1%D7%9E%D7%99%D7%9D-%D7%91%D7%9E%D7%93%D7%99%D7%94-%D7%A1%D7%A8%D7%98%D7%99%D7%9D-%D7%95%D7%98%D7%9C%D7%95%D7%95%D7%99%D7%96%D7%99%D7%94,404,https://jus-tice.co.il/%D7%A2%D7%95%D7%A8%D7%9B%D7%99-%D7%93%D7%99%D7%9F-%D7%A4%D7%9C%D7%99%D7%9C%D7%99%D7%99%D7%9D-%D7%9E%D7%A4%D7%95%D7%A8%D7%A1%D7%9E%D7%99%D7%9D-%D7%91%D7%9E%D7%93%D7%99%D7%94-%D7%A1%D7%A8%D7%98%D7%99%D7%9D-%D7%95%D7%98%D7%9C%D7%95%D7%95%D7%99%D7%96%D7%99%D7%94?jt_author_audit=1779183572445,2607,10,criminal-law,NEEDS_CONTENT_REVIEW,Page not found | Jus-Tice.co.il,העמוד לא נמצא,NO,NO,,,,NO_BEN_ATTRIBUTION_DETECTED
https://jus-tice.co.il/criminal-defenses,200,https://jus-tice.co.il/criminal-defenses/?jt_author_audit=1779183573869,2522,14,criminal-law,NEEDS_CONTENT_REVIEW,הגנות פליליות | סוגי הגנות בבית משפט | Jus-Tice.co.il,הגנות פליליות | סוגי הגנות בבית משפט,YES,YES,Person | עו״ד בן בטש | https://jus-tice.co.il/,,,REVIEW_AND_REPLACE_WITH_ORG_OR_VERIFIED_REVIEWER
https://jus-tice.co.il/%D7%A0%D7%A4%D7%92%D7%A2%D7%99-%D7%A2%D7%91%D7%99%D7%A8%D7%95%D7%AA-%D7%9E%D7%99%D7%9F-%D7%91%D7%94%D7%9C%D7%99%D7%9A-%D7%94%D7%A4%D7%9C%D7%99%D7%9C%D7%99-%D7%93%D7%99%D7%9F-%D7%95%D7%97%D7%A9%D7%91%D7%95%D7%9F,404,https://jus-tice.co.il/%D7%A0%D7%A4%D7%92%D7%A2%D7%99-%D7%A2%D7%91%D7%99%D7%A8%D7%95%D7%AA-%D7%9E%D7%99%D7%9F-%D7%91%D7%94%D7%9C%D7%99%D7%9A-%D7%94%D7%A4%D7%9C%D7%99%D7%9C%D7%99-%D7%93%D7%99%D7%9F-%D7%95%D7%97%D7%A9%D7%91%D7%95%D7%9F?jt_author_audit=1779183576694,2480,5,criminal-law,NEEDS_CONTENT_REVIEW,Page not found | Jus-Tice.co.il,העמוד לא נמצא,NO,NO,,,,NO_BEN_ATTRIBUTION_DETECTED
https://jus-tice.co.il/%D7%AA%D7%91%D7%99%D7%A2%D7%94-%D7%90%D7%96%D7%A8%D7%97%D7%99%D7%AA-%D7%A0%D7%92%D7%A8%D7%A8%D7%AA-%D7%9C%D7%94%D7%A8%D7%A9%D7%A2%D7%94-%D7%91%D7%A4%D7%9C%D7%99%D7%9C%D7%99%D7%9D-%D7%AA%D7%90-38003-03-19,404,https://jus-tice.co.il/%D7%AA%D7%91%D7%99%D7%A2%D7%94-%D7%90%D7%96%D7%A8%D7%97%D7%99%D7%AA-%D7%A0%D7%92%D7%A8%D7%A8%D7%AA-%D7%9C%D7%94%D7%A8%D7%A9%D7%A2%D7%94-%D7%91%D7%A4%D7%9C%D7%99%D7%9C%D7%99%D7%9D-%D7%AA%D7%90-38003-03-19?jt_author_audit=1779183578034,2460,57,criminal-law,DO_NOT_TOUCH_HIGH_TRAFFIC_URL,Page not found | Jus-Tice.co.il,העמוד לא נמצא,NO,NO,,,,NO_BEN_ATTRIBUTION_DETECTED
https://jus-tice.co.il/articles/%D7%A2%D7%95%D7%93-%D7%A4%D7%9C%D7%99%D7%9C%D7%99,200,https://jus-tice.co.il/lawsuit-criminal/,2324,32,criminal-law,NEEDS_CONTENT_REVIEW,מערך התביעה הפלילית ברשויות המקומיות ובוועדות המקומיות לתכנון ולבנייה | Jus-Tice.co.il,מערך התביעה הפלילית ברשויות המקומיות ובוועדות המקומיות לתכנון ולבנייה,YES,YES,Person | עו״ד בן בטש | https://jus-tice.co.il/,,,REVIEW_AND_REPLACE_WITH_ORG_OR_VERIFIED_REVIEWER
https://jus-tice.co.il/criminal-negligence,200,https://jus-tice.co.il/criminal-negligence/?jt_author_audit=1779183583630,2216,6,criminal-law,NEEDS_CONTENT_REVIEW,"רשלנות פלילית בישראל | הגדרה, עונשים ומקרים שכיחים | Jus-Tice.co.il","רשלנות פלילית בישראל | הגדרה, עונשים ומקרים שכיחים",YES,YES,Person | עו״ד בן בטש | https://jus-tice.co.il/,,,REVIEW_AND_REPLACE_WITH_ORG_OR_VERIFIED_REVIEWER
https://jus-tice.co.il/tax-offenses-criminal-lawyer,200,https://jus-tice.co.il/tax-offenses-criminal-lawyer/?jt_author_audit=1779183586488,2181,1,criminal-law,NEEDS_CONTENT_REVIEW,עורך דין פלילי מומחה בעבירות מס | מחירון שירותים 2025 + טבלת עונשים | Jus-Tice.co.il,עורך דין פלילי מומחה בעבירות מס | מחירון שירותים 2025 + טבלת עונשים,YES,YES,Person | עו״ד בן בטש | https://jus-tice.co.il/,,,REVIEW_AND_REPLACE_WITH_ORG_OR_VERIFIED_REVIEWER
https://jus-tice.co.il/33316-07-19,200,https://jus-tice.co.il/33316-07-19/?jt_author_audit=1779183589395,2001,12,family-law,NEEDS_MERGE_REVIEW,פס&quot;ד בעניין תביעה רכושית ואיזון משאבים בין בני זוג לשעבר (תלה&quot;מ 33316-07-19) | Jus-Tice.co.il,פס&quot;ד בעניין תביעה רכושית ואיזון משאבים בין בני זוג לשעבר (תלה&quot;מ 33316-07-19),YES,YES,Person | עו״ד בן בטש | https://jus-tice.co.il/,,,REVIEW_AND_REPLACE_WITH_ORG_OR_VERIFIED_REVIEWER
https://jus-tice.co.il/%D7%97%D7%93%D7%A9%D7%95%D7%AA-%D7%A4%D7%9C%D7%99%D7%9C%D7%99-%D7%9E%D7%AA%D7%A2%D7%93%D7%9B%D7%9F,404,https://jus-tice.co.il/%D7%97%D7%93%D7%A9%D7%95%D7%AA-%D7%A4%D7%9C%D7%99%D7%9C%D7%99-%D7%9E%D7%AA%D7%A2%D7%93%D7%9B%D7%9F?jt_author_audit=1779183592254,1989,4,criminal-law,NEEDS_CONTENT_REVIEW,Page not found | Jus-Tice.co.il,העמוד לא נמצא,NO,NO,,,,NO_BEN_ATTRIBUTION_DETECTED
https://jus-tice.co.il/%D7%94%D7%A0%D7%97%D7%99%D7%95%D7%AA-%D7%A4%D7%A8%D7%A7%D7%9C%D7%99%D7%98-%D7%94%D7%9E%D7%93%D7%99%D7%A0%D7%94-%D7%9E%D7%A2%D7%A6%D7%A8-%D7%A2%D7%93-%D7%AA%D7%95%D7%9D-%D7%94%D7%94%D7%9C%D7%99%D7%9B%D7%99%D7%9D-%D7%91%D7%A2%D7%91%D7%99%D7%A8%D7%95%D7%AA-%D7%9E%D7%99%D7%9F-%D7%95%D7%90%D7%9C%D7%99%D7%9E%D7%95%D7%AA-%D7%91%D7%AA%D7%95%D7%9A-%D7%94%D7%9E%D7%A9%D7%A4%D7%97%D7%94,404,https://jus-tice.co.il/%D7%94%D7%A0%D7%97%D7%99%D7%95%D7%AA-%D7%A4%D7%A8%D7%A7%D7%9C%D7%99%D7%98-%D7%94%D7%9E%D7%93%D7%99%D7%A0%D7%94-%D7%9E%D7%A2%D7%A6%D7%A8-%D7%A2%D7%93-%D7%AA%D7%95%D7%9D-%D7%94%D7%94%D7%9C%D7%99%D7%9B%D7%99%D7%9D-%D7%91%D7%A2%D7%91%D7%99%D7%A8%D7%95%D7%AA-%D7%9E%D7%99%D7%9F-%D7%95%D7%90%D7%9C%D7%99%D7%9E%D7%95%D7%AA-%D7%91%D7%AA%D7%95%D7%9A-%D7%94%D7%9E%D7%A9%D7%A4%D7%97%D7%94?jt_author_audit=1779183593703,1892,6,criminal-law,NEEDS_CONTENT_REVIEW,Page not found | Jus-Tice.co.il,העמוד לא נמצא,NO,NO,,,,NO_BEN_ATTRIBUTION_DETECTED
https://jus-tice.co.il/psakdin/%D7%A6%D7%95-%D7%94%D7%95%D7%A8%D7%95%D7%AA-%D7%9E%D7%9B%D7%95%D7%97-%D7%96%D7%99%D7%A7%D7%94-%D7%9C%D7%96%D7%99%D7%A7%D7%94-%D7%9C%D7%90%D7%96%D7%A8%D7%97%D7%99%D7%AA-%D7%96%D7%A8%D7%94,200,https://jus-tice.co.il/psakdin/civil/,1727,1,UNKNOWN,NEEDS_MERGE_REVIEW,צו הורות פסיקתי מכוח זיקה לזיקה לאזרחית זרה | Jus-Tice.co.il,צו הורות פסיקתי מכוח זיקה לזיקה לאזרחית זרה,YES,YES,Person | עו״ד בן בטש | https://jus-tice.co.il/,,,REVIEW_AND_REPLACE_WITH_ORG_OR_VERIFIED_REVIEWER
https://jus-tice.co.il/request-for-extension-of-detention-beyond-nine-months,200,https://jus-tice.co.il/request-for-extension-of-detention-beyond-nine-months/?jt_author_audit=1779183597954,1691,18,criminal-law,NEEDS_CONTENT_REVIEW,בקשה להארכת מעצר מעבר לתשעה חודשים | Jus-Tice.co.il,בקשה להארכת מעצר מעבר לתשעה חודשים,YES,YES,Person | עו״ד בן בטש | https://jus-tice.co.il/,,,REVIEW_AND_REPLACE_WITH_ORG_OR_VERIFIED_REVIEWER
https://jus-tice.co.il/54044-04-22cancel-criminal-proceedings,200,https://jus-tice.co.il/54044-04-22cancel-criminal-proceedings/?jt_author_audit=1779183601075,1660,5,criminal-law,NEEDS_CONTENT_REVIEW,ביטול כתב אישום מחמת הגנה מן הצדק ( תק&quot;ח 54044-04-22) | Jus-Tice.co.il,ביטול כתב אישום מחמת הגנה מן הצדק ( תק&quot;ח 54044-04-22),YES,YES,Person | עו״ד בן בטש | https://jus-tice.co.il/,,,REVIEW_AND_REPLACE_WITH_ORG_OR_VERIFIED_REVIEWER
https://jus-tice.co.il/should-i-admit-guilt-to-my-criminal-defense-attorney,200,https://jus-tice.co.il/should-i-admit-guilt-to-my-criminal-defense-attorney/?jt_author_audit=1779183603916,1651,7,criminal-law,NEEDS_CONTENT_REVIEW,האם עלי להודות באשמה בפני הסניגור הפלילי שלי? המלצות עורך דין פלילי | Jus-Tice.co.il,האם עלי להודות באשמה בפני הסניגור הפלילי שלי? המלצות עורך דין פלילי,YES,YES,Person | עו״ד בן בטש | https://jus-tice.co.il/,,,REVIEW_AND_REPLACE_WITH_ORG_OR_VERIFIED_REVIEWER
https://jus-tice.co.il/%D7%92%D7%96%D7%A8-%D7%93%D7%99%D7%9F-%D7%A4%D7%9C%D7%99%D7%9C%D7%99-%D7%A0%D7%90%D7%A9%D7%9D-%D7%A2%D7%91%D7%99%D7%A8%D7%AA-%D7%AA%D7%A7%D7%99%D7%A4%D7%AA-%D7%90%D7%99%D7%A9%D7%94-%D7%95%D7%91%D7%AA,404,https://jus-tice.co.il/%D7%92%D7%96%D7%A8-%D7%93%D7%99%D7%9F-%D7%A4%D7%9C%D7%99%D7%9C%D7%99-%D7%A0%D7%90%D7%A9%D7%9D-%D7%A2%D7%91%D7%99%D7%A8%D7%AA-%D7%AA%D7%A7%D7%99%D7%A4%D7%AA-%D7%90%D7%99%D7%A9%D7%94-%D7%95%D7%91%D7%AA?jt_author_audit=1779183606885,1615,42,criminal-law,NEEDS_CONTENT_REVIEW,Page not found | Jus-Tice.co.il,העמוד לא נמצא,NO,NO,,,,NO_BEN_ATTRIBUTION_DETECTED
https://jus-tice.co.il/decision6077-20,200,https://jus-tice.co.il/decision6077-20/?jt_author_audit=1779183608375,1581,1,criminal-law,NEEDS_CONTENT_REVIEW,פלילי: כספי חילוט לא יוכרו כהוצאה מותרת בניכוי מס הכנסה | פסק דין עליון ע&quot;א 6077/20 | Jus-Tice.co.il,פלילי: כספי חילוט לא יוכרו כהוצאה מותרת בניכוי מס הכנסה | פסק דין עליון ע&quot;א 6077/20,YES,YES,Person | עו״ד בן בטש | https://jus-tice.co.il/,,,REVIEW_AND_REPLACE_WITH_ORG_OR_VERIFIED_REVIEWER
https://jus-tice.co.il/%D7%A6%D7%95-%D7%9E%D7%A2%D7%A6%D7%A8-%D7%90%D7%99%D7%A8%D7%95%D7%A4%D7%99,404,https://jus-tice.co.il/%D7%A6%D7%95-%D7%9E%D7%A2%D7%A6%D7%A8-%D7%90%D7%99%D7%A8%D7%95%D7%A4%D7%99?jt_author_audit=1779183611438,1494,8,criminal-law,NEEDS_CONTENT_REVIEW,Page not found | Jus-Tice.co.il,העמוד לא נמצא,NO,NO,,,,NO_BEN_ATTRIBUTION_DETECTED
