post_id,status,requested_slug,actual_slug,error
14010,OK,"rabbinical-agreement-approval","rabbinical-agreement-approval",""
13152,OK,"most-recommended-family-lawyer","most-recommended-family-lawyer",""
12987,OK,"future-of-divorce-process","future-of-divorce-process",""
12979,OK,"experienced-family-law-attorney","experienced-family-law-attorney",""
12975,OK,"1396562-2","1396562-2",""
12946,FAIL,"can-you-be-common-law-married-to-a-married-person","","409: ""<h1>Publication blocked</h1><p>This content still contains internal editorial/project markers and was not published.</p><p><strong>Detected markers:</strong> <code>GSC</code></p><p>Keep the post as draft, move internal notes to the internal editorial note, then publish only the public-facing Hebrew article body.</p>"""
12934,FAIL,"family-mediation-updated-trends","","409: ""<h1>Publication blocked</h1><p>This content still contains internal editorial/project markers and was not published.</p><p><strong>Detected markers:</strong> <code>בדיקה משפטית</code></p><p>Keep the post as draft, move internal notes to the internal editorial note, then publish only the public-facing Hebrew article body.</p>"""
12924,FAIL,"investigations-and-intelligence-division","","409: ""<h1>Publication blocked</h1><p>This content still contains internal editorial/project markers and was not published.</p><p><strong>Detected markers:</strong> <code>CRM</code></p><p>Keep the post as draft, move internal notes to the internal editorial note, then publish only the public-facing Hebrew article body.</p>"""
12921,OK,"top-experts-family-law","top-experts-family-law",""
12914,OK,"new-trends-ai-family-law","new-trends-ai-family-law",""
12907,OK,"criminal-prosecutions","criminal-prosecutions",""
12897,OK,"the-recommended-family-lawyers","the-recommended-family-lawyers",""
12879,OK,"996028-3","996028-3",""
12871,OK,"petah-tikva-divorce-lawyer","petah-tikva-divorce-lawyer",""
12857,OK,"posta","posta",""
12851,OK,"7776-09-24","7776-09-24",""
12841,FAIL,"ai-for-law-firms","","409: ""<h1>Publication blocked</h1><p>This content still contains internal editorial/project markers and was not published.</p><p><strong>Detected markers:</strong> <code>CRM, LegalTech</code></p><p>Keep the post as draft, move internal notes to the internal editorial note, then publish only the public-facing Hebrew article body.</p>"""
12681,OK,"1520884-1","1520884-1",""
12678,OK,"1331339-3","1331339-3",""
12675,OK,"1331339-1","1331339-1",""
12663,OK,"investment-loss-compensation","investment-loss-compensation",""
12655,OK,"real-estate-lawyer-cost-2025","real-estate-lawyer-cost-2025",""
12652,OK,"business-license","business-license",""
12626,OK,"online-rent-agreement","online-rent-agreement",""
12622,OK,"australia-lawyers","australia-lawyers",""
12616,OK,"israel-tax-authority","israel-tax-authority",""
12611,OK,"1509592-1","1509592-1",""
12609,FAIL,"israel-real-estate-price-forecast","","409: ""<h1>Publication blocked</h1><p>This content still contains internal editorial/project markers and was not published.</p><p><strong>Detected markers:</strong> <code>בדיקה משפטית</code></p><p>Keep the post as draft, move internal notes to the internal editorial note, then publish only the public-facing Hebrew article body.</p>"""
12605,OK,"cyprus-prices","cyprus-prices",""
12600,OK,"greece-price-list","greece-price-list",""
12596,OK,"family-judgment-31661-07-16","family-judgment-31661-07-16",""
12588,OK,"divorce-costs-2025","divorce-costs-2025",""
12583,FAIL,"portugal-relocation","","409: ""<h1>Publication blocked</h1><p>This content still contains internal editorial/project markers and was not published.</p><p><strong>Detected markers:</strong> <code>בדיקה משפטית</code></p><p>Keep the post as draft, move internal notes to the internal editorial note, then publish only the public-facing Hebrew article body.</p>"""
12558,OK,"dun-bradstreet","dun-bradstreet",""
12546,FAIL,"chambers-and-partners","","409: ""<h1>Publication blocked</h1><p>This content still contains internal editorial/project markers and was not published.</p><p><strong>Detected markers:</strong> <code>LegalTech, CMS</code></p><p>Keep the post as draft, move internal notes to the internal editorial note, then publish only the public-facing Hebrew article body.</p>"""
12539,FAIL,"iflr1000","","409: ""<h1>Publication blocked</h1><p>This content still contains internal editorial/project markers and was not published.</p><p><strong>Detected markers:</strong> <code>LegalTech, CMS</code></p><p>Keep the post as draft, move internal notes to the internal editorial note, then publish only the public-facing Hebrew article body.</p>"""
12525,FAIL,"ai-lawyer-ranking","","409: ""<h1>Publication blocked</h1><p>This content still contains internal editorial/project markers and was not published.</p><p><strong>Detected markers:</strong> <code>LegalTech, CMS</code></p><p>Keep the post as draft, move internal notes to the internal editorial note, then publish only the public-facing Hebrew article body.</p>"""
12495,OK,"fbi-cyber-division","fbi-cyber-division",""
12491,OK,"us-securities-and-exchange-commission","us-securities-and-exchange-commission",""
12481,OK,"federal-bureau-of-investigation","federal-bureau-of-investigation",""
12464,OK,"lahav-433","lahav-433",""
12446,OK,"drug-offenses-criminal-lawyer","drug-offenses-criminal-lawyer",""
12436,OK,"tax-investigation-guide","tax-investigation-guide",""
12433,OK,"porto-portugal-real-estate","porto-portugal-real-estate",""
12428,OK,"famous-criminal-defense-lawyer","famous-criminal-defense-lawyer",""
12425,FAIL,"economic-crimes-white-collar-lawyer","","409: ""<h1>Publication blocked</h1><p>This content still contains internal editorial/project markers and was not published.</p><p><strong>Detected markers:</strong> <code>CMS</code></p><p>Keep the post as draft, move internal notes to the internal editorial note, then publish only the public-facing Hebrew article body.</p>"""
12401,OK,"international-inheritance-wills-lawyer","international-inheritance-wills-lawyer",""
12394,OK,"45983-03-22","45983-03-22",""
12389,OK,"10284-05-21","10284-05-21",""
12386,OK,"top-global-tax-cpa-firms","top-global-tax-cpa-firms",""
12377,OK,"top-international-tax-law-firms","top-international-tax-law-firms",""
12365,OK,"global-tax-consulting-services","global-tax-consulting-services",""
12356,OK,"tax-offenses-criminal-lawyer","tax-offenses-criminal-lawyer",""
12353,OK,"17044-12-22","17044-12-22",""
12348,OK,"39040-09-22","39040-09-22",""
12342,OK,"tax-lawyer","tax-lawyer",""
12329,FAIL,"fintech","","409: ""<h1>Publication blocked</h1><p>This content still contains internal editorial/project markers and was not published.</p><p><strong>Detected markers:</strong> <code>בדיקה משפטית</code></p><p>Keep the post as draft, move internal notes to the internal editorial note, then publish only the public-facing Hebrew article body.</p>"""
12321,OK,"extradition-guide","extradition-guide",""
12312,OK,"42471-05-24","42471-05-24",""
12309,OK,"60877-12-24","60877-12-24",""
12305,OK,"3922-01-24","3922-01-24",""
12291,OK,"70703-09-24","70703-09-24",""
12275,OK,"arrested-abroad-il","arrested-abroad-il",""
12264,OK,"best-criminal-defence-lawyers-worldwide","best-criminal-defence-lawyers-worldwide",""
12259,OK,"lawyer-fee-outlook","lawyer-fee-outlook",""
12251,OK,"30767-05-21","30767-05-21",""
12219,FAIL,"startup-company","","409: ""<h1>Publication blocked</h1><p>This content still contains internal editorial/project markers and was not published.</p><p><strong>Detected markers:</strong> <code>CRM</code></p><p>Keep the post as draft, move internal notes to the internal editorial note, then publish only the public-facing Hebrew article body.</p>"""
12177,OK,"1386569-6","1386569-6",""
12141,OK,"decision22328-09-20","decision22328-09-20",""
12123,OK,"decision24104-03-19","decision24104-03-19",""
12087,FAIL,"leading-divorce-lawyers-worldwide","","409: ""<h1>Publication blocked</h1><p>This content still contains internal editorial/project markers and was not published.</p><p><strong>Detected markers:</strong> <code>CMS</code></p><p>Keep the post as draft, move internal notes to the internal editorial note, then publish only the public-facing Hebrew article body.</p>"""
11993,OK,"5988-21","5988-21",""
11930,OK,"strategic-divorce-cost-planning","strategic-divorce-cost-planning",""
11914,OK,"lawyer-ai-course","lawyer-ai-course",""
11910,OK,"what-is-cyberattack","what-is-cyberattack",""
11904,OK,"cybercrime-lawyer-roll","cybercrime-lawyer-roll",""
11880,OK,"cyber-lawyer","cyber-lawyer",""
11868,OK,"trusted-divorce-attorney-guide","trusted-divorce-attorney-guide",""
11866,OK,"prenup-not-valid","prenup-not-valid",""
11857,OK,"investing-in-greece-real-estate","investing-in-greece-real-estate",""
11853,FAIL,"online-family-law-services","","409: ""<h1>Publication blocked</h1><p>This content still contains internal editorial/project markers and was not published.</p><p><strong>Detected markers:</strong> <code>בדיקה משפטית</code></p><p>Keep the post as draft, move internal notes to the internal editorial note, then publish only the public-facing Hebrew article body.</p>"""
11847,OK,"women-lawyer-vs-men-divorce-lawyer","women-lawyer-vs-men-divorce-lawyer",""
11821,OK,"choose-usa-attorney","choose-usa-attorney",""
11808,OK,"durable-power-of-attorney-cost","durable-power-of-attorney-cost",""
11803,OK,"us-lawyer-license-requirements","us-lawyer-license-requirements",""
11778,OK,"top-lawyers-for-israelis-china","top-lawyers-for-israelis-china",""
11774,OK,"spouse-property-registration-guide","spouse-property-registration-guide",""
11771,OK,"china-business-legal-guide","china-business-legal-guide",""
11762,OK,"pension-insurance-complete-guide","pension-insurance-complete-guide",""
11755,OK,"top-criminal-lawyer-tel-aviv","top-criminal-lawyer-tel-aviv",""
11750,OK,"financial-strategies-after-divorce","financial-strategies-after-divorce",""
11748,OK,"mutual-divorce-agreement-2025","mutual-divorce-agreement-2025",""
11679,OK,"divorce-consultation-guide","divorce-consultation-guide",""
11671,OK,"rotenberg-law-top-ranked-family-divorce-mediation","rotenberg-law-top-ranked-family-divorce-mediation",""
11666,OK,"how-to-become-a-family-lawyer","how-to-become-a-family-lawyer",""
11651,OK,"qualities-best-divorce-attorneys","qualities-best-divorce-attorneys",""
11645,OK,"infidelity-statistics-reasons-suspicions","infidelity-statistics-reasons-suspicions",""
11643,OK,"27404-01-23","27404-01-23",""
11637,OK,"divorce-agreement-validity-dispute","divorce-agreement-validity-dispute",""
11633,OK,"divorce-claim-error-during-stay","divorce-claim-error-during-stay",""
11628,OK,"property-jurisdiction-divorce-claim-section-4a","property-jurisdiction-divorce-claim-section-4a",""
11619,OK,"54220-09-20","54220-09-20",""
11617,OK,"medical-malpractice-vs-negligence-differences-israel","medical-malpractice-vs-negligence-differences-israel",""
11615,OK,"infidelity-adultery-marital-betrayal-family-law","infidelity-adultery-marital-betrayal-family-law",""
11613,OK,"damages-claim-husband-ketubah-obligation","damages-claim-husband-ketubah-obligation",""
11607,OK,"medical-malpractice-lawyer","medical-malpractice-lawyer",""
11603,OK,"decision22950-11-20","decision22950-11-20",""
11600,OK,"10918-10-19","10918-10-19",""
11590,OK,"benzur-korb-co","benzur-korb-co",""
11587,OK,"10864-09-21","10864-09-21",""
11560,OK,"anesthesia-medical-malpractice","anesthesia-medical-malpractice",""
11558,OK,"surgical-errors-medical-malpractice","surgical-errors-medical-malpractice",""
11550,OK,"herzog-fox-neeman","herzog-fox-neeman",""
11548,OK,"pogust-goodhead","pogust-goodhead",""
11545,OK,"bostwick-peterson-llp","bostwick-peterson-llp",""
11542,OK,"sullivan-papain-block-mcmanus-coffinas-cannavo-pc","sullivan-papain-block-mcmanus-coffinas-cannavo-pc",""
11539,OK,"home-inspection","home-inspection",""
11525,OK,"cerebral-palsy-rights","cerebral-palsy-rights",""
11520,OK,"52705-01-20","52705-01-20",""
11510,OK,"birth-injury-causes","birth-injury-causes",""
11506,OK,"brain-damage-at-birth","brain-damage-at-birth",""
11504,OK,"morgan-morgan","morgan-morgan",""
11497,OK,"birth-injury","birth-injury",""
11491,OK,"birth-injury-lawyer","birth-injury-lawyer",""
11489,OK,"malpractice-cerebral-palsy","malpractice-cerebral-palsy",""
11482,OK,"cerebral-palsy","cerebral-palsy",""
11475,OK,"perinatal-asphyxia","perinatal-asphyxia",""
11468,OK,"40939-11-19","40939-11-19",""
11465,OK,"42908-08-24","42908-08-24",""
11463,OK,"house-selling-mistakes-to-avoid","house-selling-mistakes-to-avoid",""
11455,OK,"20847-10-23","20847-10-23",""
11453,OK,"55188-07-20","55188-07-20",""
11446,OK,"laura-wasser","laura-wasser",""
11444,OK,"kl-gates","kl-gates",""
11430,OK,"51377-12-23","51377-12-23",""
11428,OK,"portugal-homes","portugal-homes",""
11422,OK,"shearman-sterling","shearman-sterling",""
11415,OK,"cuatrecasas","cuatrecasas",""
11413,OK,"morais-leitao","morais-leitao",""
11410,OK,"list-of-companies-of-portugal","list-of-companies-of-portugal",""
11406,OK,"dechert-llp","dechert-llp",""
11402,OK,"paul-hastings","paul-hastings",""
11396,OK,"weil-gotshal-manges","weil-gotshal-manges",""
11393,OK,"international-association-of-jewish-lawyers-and-jurists","international-association-of-jewish-lawyers-and-jurists",""
11386,OK,"benjamin-brafman","benjamin-brafman",""
11382,OK,"dentons","dentons",""
11379,OK,"skadden-arps-slate-meagher-flom","skadden-arps-slate-meagher-flom",""
11374,OK,"latham-watkins","latham-watkins",""
11370,OK,"co-op-legal-services","co-op-legal-services",""
11367,OK,"law-firms-in-fiction","law-firms-in-fiction",""
11364,OK,"farrer-co","farrer-co",""
11359,OK,"cordell-cordell","cordell-cordell",""
11355,OK,"kirkland-ellis","kirkland-ellis",""
11351,FAIL,"cms-law-firm","","409: ""<h1>Publication blocked</h1><p>This content still contains internal editorial/project markers and was not published.</p><p><strong>Detected markers:</strong> <code>CMS</code></p><p>Keep the post as draft, move internal notes to the internal editorial note, then publish only the public-facing Hebrew article body.</p>"""
11345,OK,"dla-piper","dla-piper",""
11341,OK,"perez-llorca","perez-llorca",""
11338,OK,"rita-judice","rita-judice",""
11328,OK,"portuguese-bar-association","portuguese-bar-association",""
11325,OK,"sofia-galvao","sofia-galvao",""
11314,OK,"anthony-julius","anthony-julius",""
11310,OK,"james-sexton-attorney","james-sexton-attorney",""
11307,OK,"robert-stephan-cohen","robert-stephan-cohen",""
11303,OK,"wachtell-lipton-rosen-katz","wachtell-lipton-rosen-katz",""
11300,OK,"baker-mckenzie","baker-mckenzie",""
11293,OK,"findlaw","findlaw",""
11290,OK,"legalzoom","legalzoom",""
11287,OK,"rocket-lawyer","rocket-lawyer",""
11285,OK,"nolo","nolo",""
11276,OK,"lawyer-referral-service","lawyer-referral-service",""
11274,OK,"virtual-law-firm","virtual-law-firm",""
11271,OK,"unbundled-legal-services","unbundled-legal-services",""
11266,OK,"divorce-law-in-sweden","divorce-law-in-sweden",""
11252,OK,"costa-rica-lawyers","costa-rica-lawyers",""
11250,OK,"portugal-overview-real-estate","portugal-overview-real-estate",""
11247,OK,"is-portugal-a-good-place-to-retire","is-portugal-a-good-place-to-retire",""
11237,OK,"real-estate-comparative-guide","real-estate-comparative-guide",""
11232,OK,"buying-property-in-portugal","buying-property-in-portugal",""
11220,OK,"foreign-legal-opinion","foreign-legal-opinion",""
11211,OK,"investing-in-argentina","investing-in-argentina",""
11205,OK,"unequal-pension-split-verdict-against-husband","unequal-pension-split-verdict-against-husband",""
11198,OK,"liechtenstein","liechtenstein",""
11196,OK,"monaco-lawyer","monaco-lawyer",""
11184,OK,"new-jersey-lawyers","new-jersey-lawyers",""
11179,OK,"segro","segro",""
11176,OK,"vonovia","vonovia",""
11170,FAIL,"property-management","","409: ""<h1>Publication blocked</h1><p>This content still contains internal editorial/project markers and was not published.</p><p><strong>Detected markers:</strong> <code>CRM</code></p><p>Keep the post as draft, move internal notes to the internal editorial note, then publish only the public-facing Hebrew article body.</p>"""
11166,OK,"lawyer-netherlands","lawyer-netherlands",""
11150,OK,"philosophy-of-law","philosophy-of-law",""
11131,OK,"prosecutor","prosecutor",""
11082,OK,"czech-lawyers","czech-lawyers",""
10951,OK,"antigua-and-barbuda-lawyers","antigua-and-barbuda-lawyers",""
10948,OK,"international-regulation","international-regulation",""
10942,OK,"international-litigation","international-litigation",""
10938,OK,"legal-writing","legal-writing",""
10916,OK,"cascais","cascais",""
10886,OK,"divorce-mediation-cons-pros","divorce-mediation-cons-pros",""
10870,OK,"low-value-invest-abroad","low-value-invest-abroad",""
10860,FAIL,"apartment","","409: ""<h1>Publication blocked</h1><p>This content still contains internal editorial/project markers and was not published.</p><p><strong>Detected markers:</strong> <code>GSC</code></p><p>Keep the post as draft, move internal notes to the internal editorial note, then publish only the public-facing Hebrew article body.</p>"""
10851,OK,"lisbon-portugal","lisbon-portugal",""
10841,OK,"legal-services-in-portugal","legal-services-in-portugal",""
10834,OK,"portugal-noatary","portugal-noatary",""
10791,OK,"portuguese-people","portuguese-people",""
10779,OK,"guide-buying-property-portugal-israelis","guide-buying-property-portugal-israelis",""
10771,OK,"about-usa","about-usa",""
10759,OK,"about-cyprus","about-cyprus",""
10751,OK,"israel-portugal-relations","israel-portugal-relations",""
10740,OK,"morocco-lawyers","morocco-lawyers",""
10733,OK,"portuguese-nationality-law-jewish-return","portuguese-nationality-law-jewish-return",""
10726,OK,"immigration-to-portugal","immigration-to-portugal",""
10721,OK,"corporate-immigration-portugal","corporate-immigration-portugal",""
10718,OK,"government-of-portugal","government-of-portugal",""
10708,OK,"portugal","portugal",""
10700,OK,"taxation-in-portugal","taxation-in-portugal",""
10696,OK,"list-of-taxes-portugal","list-of-taxes-portugal",""
10692,OK,"housing-portugal","housing-portugal",""
10686,OK,"portugal-economy","portugal-economy",""
10675,OK,"bank-account-in-portugal","bank-account-in-portugal",""
10670,OK,"banking-financ-portugal","banking-financ-portugal",""
10665,OK,"south-korea-lawyers","south-korea-lawyers",""
10657,OK,"portugal-citizenship","portugal-citizenship",""
10649,OK,"canada-lawyers","canada-lawyers",""
10635,OK,"invest-in-portugal-for-citizenship","invest-in-portugal-for-citizenship",""
10626,OK,"qatar-lawyers","qatar-lawyers",""
10611,OK,"cyprus-corporate-tax","cyprus-corporate-tax",""
10602,OK,"ruling-on-conflicting-real-estate-transactions","ruling-on-conflicting-real-estate-transactions",""
10588,OK,"handwritten-property-agreement-cancellation","handwritten-property-agreement-cancellation",""
10577,OK,"notary-public-florida","notary-public-florida",""
10566,OK,"decision55016-06-17a","decision55016-06-17a",""
10562,OK,"cyber-insurance","cyber-insurance",""
10544,OK,"cadastre","cadastre",""
10541,OK,"land-registration","land-registration",""
10528,OK,"land-appreciation-tax","land-appreciation-tax",""
10520,FAIL,"california-lawyers","","409: ""<h1>Publication blocked</h1><p>This content still contains internal editorial/project markers and was not published.</p><p><strong>Detected markers:</strong> <code>CMS</code></p><p>Keep the post as draft, move internal notes to the internal editorial note, then publish only the public-facing Hebrew article body.</p>"""
10515,OK,"adoption-usa","adoption-usa",""
10503,OK,"registration-of-real-estate-israel","registration-of-real-estate-israel",""
10490,OK,"decision28272-02-21","decision28272-02-21",""
10483,OK,"austria-lawyers","austria-lawyers",""
10465,OK,"mexico-lawyers","mexico-lawyers",""
10453,OK,"argentina-lawyers","argentina-lawyers",""
10445,OK,"decision20043-03-23","decision20043-03-23",""
10411,FAIL,"buy-real-estate-cyprus","","409: ""<h1>Publication blocked</h1><p>This content still contains internal editorial/project markers and was not published.</p><p><strong>Detected markers:</strong> <code>בדיקה משפטית</code></p><p>Keep the post as draft, move internal notes to the internal editorial note, then publish only the public-facing Hebrew article body.</p>"""
10405,OK,"tax-guide-portugal","tax-guide-portugal",""
10386,OK,"greece-financing","greece-financing",""
10377,OK,"investing-in-greece","investing-in-greece",""
10371,OK,"decision53041-12-20a","decision53041-12-20a",""
10349,OK,"family-law-italy","family-law-italy",""
10346,OK,"decision30452-07-20","decision30452-07-20",""
10342,OK,"decision67437-12-18","decision67437-12-18",""
10334,OK,"spain-real-estate","spain-real-estate",""
10325,OK,"portugal-real-estate","portugal-real-estate",""
10310,OK,"decision42377-09-22","decision42377-09-22",""
10296,OK,"grounds-for-divorce-united-states","grounds-for-divorce-united-states",""
10280,OK,"real-estate-malta","real-estate-malta",""
10269,OK,"malta-citizenship-by-investment","malta-citizenship-by-investment",""
10258,OK,"ukraine-lawyers","ukraine-lawyers",""
10239,OK,"avoiding-mistakes-when-buying-property-in-cyprus","avoiding-mistakes-when-buying-property-in-cyprus",""
10230,OK,"decision22431-08-19","decision22431-08-19",""
10227,OK,"21336-03-22","21336-03-22",""
10218,OK,"thailand-civil-code","thailand-civil-code",""
10214,OK,"thailand-real-estate","thailand-real-estate",""
10157,OK,"real-estate-investment-strategies-for-2023","real-estate-investment-strategies-for-2023",""
10175,OK,"common-construction-defects-and-how-to-manage-them","common-construction-defects-and-how-to-manage-them",""
10169,OK,"building-science","building-science",""
10146,OK,"property-investment-calculator","property-investment-calculator",""
10143,OK,"real-estate-development","real-estate-development",""
10123,OK,"international-agreement-greece-dtpa","international-agreement-greece-dtpa",""
10095,OK,"south-african-property-law","south-african-property-law",""
10085,OK,"real-estate-united-kingdom","real-estate-united-kingdom",""
10082,OK,"879928-4","879928-4",""
10065,OK,"is-a-law-for-the-settlement-of-family-disputes-successful","is-a-law-for-the-settlement-of-family-disputes-successful",""
10056,OK,"tort-reform","tort-reform",""
10053,OK,"deep-pocket","deep-pocket",""
10051,OK,"outline-of-tort-law","outline-of-tort-law",""
10036,OK,"thailand-land-purchase-and-ownership-law","thailand-land-purchase-and-ownership-law",""
10028,OK,"poland-lawyers","poland-lawyers",""
10022,OK,"electronic-signature","electronic-signature",""
10018,OK,"digital-signature","digital-signature",""
9995,OK,"brazil-lawyers","brazil-lawyers",""
9996,OK,"bar-exam-worldwide","bar-exam-worldwide",""
9992,OK,"lease","lease",""
9988,OK,"rental-agreement","rental-agreement",""
9981,OK,"balloon-payment-mortgage","balloon-payment-mortgage",""
9976,OK,"belgian-lawyers","belgian-lawyers",""
9960,OK,"notarial-act","notarial-act",""
9956,OK,"civil-law-notary","civil-law-notary",""
9945,OK,"spain-lawyers","spain-lawyers",""
9918,OK,"japan-attorneys","japan-attorneys",""
9895,OK,"notary-public-new-york","notary-public-new-york",""
9890,OK,"international-notaries","international-notaries",""
9885,OK,"real-estate-usa","real-estate-usa",""
9866,OK,"real-estate-romania","real-estate-romania",""
9850,OK,"saudi-arabia-lawyers","saudi-arabia-lawyers",""
9835,OK,"georgia-lawyers","georgia-lawyers",""
9829,OK,"malta-lawyers","malta-lawyers",""
9774,OK,"miami-florida-lawyers","miami-florida-lawyers",""
9752,OK,"romanian-passport","romanian-passport",""
8972,OK,"german-passport","german-passport",""
9724,OK,"uk-lawyer","uk-lawyer",""
9721,OK,"39514-09-19","39514-09-19",""
9717,OK,"protest-arrest-2023","protest-arrest-2023",""
9684,OK,"real-estate-italy","real-estate-italy",""
9681,OK,"panama-lawyers","panama-lawyers",""
9677,OK,"44688-10-22","44688-10-22",""
9653,FAIL,"miranda-warning","","409: ""<h1>Publication blocked</h1><p>This content still contains internal editorial/project markers and was not published.</p><p><strong>Detected markers:</strong> <code>בדיקה משפטית</code></p><p>Keep the post as draft, move internal notes to the internal editorial note, then publish only the public-facing Hebrew article body.</p>"""
9648,OK,"what-is-medical-malpractice-definition-examples","what-is-medical-malpractice-definition-examples",""
9644,OK,"medical-malpractice-in-the-united-states","medical-malpractice-in-the-united-states",""
9633,OK,"child-pornography-laws-in-the-united-states","child-pornography-laws-in-the-united-states",""
9630,OK,"criminal-negligence","criminal-negligence-2",""
9625,OK,"murder-in-united-states-law","murder-in-united-states-law",""
9617,OK,"taiwan-lawyers","taiwan-lawyers",""
9609,FAIL,"hungary-lawyer","","409: ""<h1>Publication blocked</h1><p>This content still contains internal editorial/project markers and was not published.</p><p><strong>Detected markers:</strong> <code>בדיקה משפטית</code></p><p>Keep the post as draft, move internal notes to the internal editorial note, then publish only the public-facing Hebrew article body.</p>"""
9583,OK,"human-trafficking","human-trafficking",""
9575,OK,"sex-trafficking","sex-trafficking",""
9571,OK,"cybersex-trafficking","cybersex-trafficking",""
9559,OK,"italy-lawyers","italy-lawyers",""
9554,FAIL,"cyber-laws","","409: ""<h1>Publication blocked</h1><p>This content still contains internal editorial/project markers and was not published.</p><p><strong>Detected markers:</strong> <code>בעל האתר, בדיקה משפטית</code></p><p>Keep the post as draft, move internal notes to the internal editorial note, then publish only the public-facing Hebrew article body.</p>"""
9526,OK,"romania-lawyers","romania-lawyers",""
9521,OK,"united-arab-emirates-lawyers","united-arab-emirates-lawyers",""
9517,OK,"history-of-criminal-justice","history-of-criminal-justice",""
9505,OK,"germany-lawyers","germany-lawyers",""
9501,OK,"crime","crime",""
9488,OK,"portugal-golden-visa","portugal-golden-visa",""
9481,OK,"golden-visa","golden-visa",""
9427,OK,"criminal-defense-attorney-roles-and-responsibilities","criminal-defense-attorney-roles-and-responsibilities",""
9422,OK,"1027470-24","1027470-24",""
9417,OK,"ethiopia-lawyer","ethiopia-lawyer",""
9412,OK,"1338971-12","1338971-12",""
9359,OK,"admission-to-practice-law","admission-to-practice-law",""
9351,OK,"american-bar-association","american-bar-association",""
9339,OK,"personal-injury-law","personal-injury-law",""
9321,OK,"artificial-general-intelligence","artificial-general-intelligence",""
9310,OK,"construction-law","construction-law",""
9293,OK,"usa-lawyers","usa-lawyers",""
9291,OK,"69430-06-20","69430-06-20",""
9288,OK,"18744-11-18","18744-11-18",""
9286,OK,"62758-11-22","62758-11-22",""
9260,OK,"21213-04-18","21213-04-18",""
9258,OK,"47565-12-18","47565-12-18",""
9246,OK,"11314-01-23","11314-01-23",""
9102,OK,"8935-09-22","8935-09-22",""
9090,OK,"real-estate-investing","real-estate-investing",""
9050,OK,"france-lawyers","france-lawyers",""
9044,OK,"comparative-criminal-justice","comparative-criminal-justice",""
9040,OK,"53556-05-18","53556-05-18",""
9032,OK,"hong-kong-lawyer","hong-kong-lawyer",""
9020,OK,"real-estate-appraiser","real-estate-appraiser",""
9012,OK,"real-estate-agent","real-estate-agent",""
9004,OK,"15443-09-20","15443-09-20",""
9002,OK,"3859-11-20","3859-11-20",""
8997,OK,"14434-07-22","14434-07-22",""
8932,FAIL,"buying-property-in-greece","","409: ""<h1>Publication blocked</h1><p>This content still contains internal editorial/project markers and was not published.</p><p><strong>Detected markers:</strong> <code>בדיקה משפטית</code></p><p>Keep the post as draft, move internal notes to the internal editorial note, then publish only the public-facing Hebrew article body.</p>"""
8930,OK,"1355956-3","1355956-3",""
8926,OK,"33316-07-19","33316-07-19",""
8924,OK,"47795-09-20","47795-09-20",""
8863,OK,"greece-lawyers","greece-lawyers",""
8821,OK,"immigration-lawyer","immigration-lawyer",""
8795,OK,"shoplifting","shoplifting",""
8793,OK,"list-of-types-of-fraud","list-of-types-of-fraud",""
8777,OK,"cyprus-lawyer","cyprus-lawyer",""
8774,OK,"74657-12-20","74657-12-20",""
8772,OK,"decision6199-03-18","decision6199-03-18",""
8762,OK,"1394399-1","1394399-1",""
8753,OK,"portugal-lawyers","portugal-lawyers",""
8746,OK,"9230-03-20","9230-03-20",""
8742,OK,"52923-11-20","52923-11-20",""
8706,OK,"legal-courses-for-lawyers","legal-courses-for-lawyers",""
8669,OK,"insolvency","insolvency",""
8665,OK,"1381090-1","1381090-1",""
8652,OK,"75054-07-19","75054-07-19",""
8635,OK,"divorce-resource-balancing-case21019-01-21","divorce-resource-balancing-case21019-01-21",""
8633,OK,"parental-alienation-damages16820-11-19","parental-alienation-damages16820-11-19",""
8631,OK,"child-support-divorced-parents61641-09-19","child-support-divorced-parents61641-09-19",""
8629,OK,"most-famous-murder-acquittal-cases","most-famous-murder-acquittal-cases",""
8613,OK,"8773-11-22","8773-11-22",""
8604,OK,"18834-05-20","18834-05-20",""
8601,OK,"5585-04-22estate-trust-legal-judgment","5585-04-22estate-trust-legal-judgment",""
8596,OK,"54044-04-22cancel-criminal-proceedings","54044-04-22cancel-criminal-proceedings",""
8573,OK,"35557-01-22","35557-01-22",""
8571,OK,"2542-10-22","2542-10-22",""
8299,OK,"accountant","accountant",""
8089,OK,"consent","consent",""
8083,OK,"abuse-of-process","abuse-of-process",""
8040,OK,"litigation-strategy","litigation-strategy",""
8036,OK,"legal-clinic","legal-clinic",""
8004,OK,"legal-education","legal-education",""
8000,OK,"legal-awareness","legal-awareness",""
7910,OK,"companyregistrationform2","companyregistrationform2",""
7761,OK,"criminal-defenses","criminal-defenses",""
7699,OK,"53431-10-21","53431-10-21",""
7685,OK,"lawyer-near-me-criminal-law","lawyer-near-me-criminal-law",""
7683,OK,"decision75385-12-20","decision75385-12-20",""
7674,OK,"decision39696-06-16","decision39696-06-16",""
7671,OK,"decision33954-04-20","decision33954-04-20",""
7632,OK,"rules-for-being-a-successful-lawyer","rules-for-being-a-successful-lawyer",""
7621,OK,"decision48940-07-20","decision48940-07-20",""
7616,OK,"medical-malpractice-common-errors-doctors-hospitals","medical-malpractice-common-errors-doctors-hospitals",""
7618,OK,"klumpke-paralysis","klumpke-paralysis",""
7611,FAIL,"history-of-medicine","","409: ""<h1>Publication blocked</h1><p>This content still contains internal editorial/project markers and was not published.</p><p><strong>Detected markers:</strong> <code>בדיקה משפטית</code></p><p>Keep the post as draft, move internal notes to the internal editorial note, then publish only the public-facing Hebrew article body.</p>"""
7580,OK,"decision48240-04-17","decision48240-04-17",""
7571,OK,"decision50014-01-19","decision50014-01-19",""
7569,OK,"decision71869-11-21","decision71869-11-21",""
7517,OK,"decision22695-02-20","decision22695-02-20",""
7507,OK,"vietnam-lawyer","vietnam-lawyer",""
7502,OK,"decision37975-11-17","decision37975-11-17",""
7499,OK,"decision31783-04-21","decision31783-04-21",""
7496,OK,"decision49576-05-20","decision49576-05-20",""
7491,OK,"china-lawyers","china-lawyers",""
7478,OK,"decision58589-11-21","decision58589-11-21",""
7473,OK,"punitive-damage","punitive-damage",""
7464,OK,"decision58450-02-22","decision58450-02-22",""
7460,OK,"decision58450-02-22-7460","decision58450-02-22-7460",""
7400,FAIL,"india-lawyers","","409: ""<h1>Publication blocked</h1><p>This content still contains internal editorial/project markers and was not published.</p><p><strong>Detected markers:</strong> <code>בדיקה משפטית</code></p><p>Keep the post as draft, move internal notes to the internal editorial note, then publish only the public-facing Hebrew article body.</p>"""
7397,OK,"standard-minimum-rules-for-treatment-of-prisoners","standard-minimum-rules-for-treatment-of-prisoners",""
7249,OK,"tel-aviv-city-best-lawyers","tel-aviv-city-best-lawyers",""
7323,OK,"decision28925-09-17","decision28925-09-17",""
7319,OK,"decision1838-03-21","decision1838-03-21",""
7316,OK,"decision17331-01-17","decision17331-01-17",""
7285,OK,"decision13759-08-21","decision13759-08-21",""
7279,OK,"decision3127-04-22","decision3127-04-22",""
7276,OK,"decision6077-20","decision6077-20",""
7266,OK,"decision23472-02-20","decision23472-02-20",""
7264,OK,"decision47098-04-21","decision47098-04-21",""
7254,OK,"decision5987-10-16","decision5987-10-16",""
7231,OK,"decision13846-03-18","decision13846-03-18",""
7228,OK,"decision32910-02-19","decision32910-02-19",""
7225,OK,"3695-02-19-labour-court-decision","3695-02-19-labour-court-decision",""
7195,OK,"decision15974-11-20","decision15974-11-20",""
7193,OK,"decision60362-03-22","decision60362-03-22",""
7191,OK,"decision21029-12-21","decision21029-12-21",""
7189,OK,"decision26671-07-21","decision26671-07-21",""
7187,OK,"decision56258-02-22","decision56258-02-22",""
7185,OK,"decision60567-12-21","decision60567-12-21",""
7181,OK,"decision15094-01-18","decision15094-01-18",""
7179,OK,"decision54477-10-18","decision54477-10-18",""
7177,OK,"decision56187-03-21","decision56187-03-21",""
7174,OK,"decision10297-09-21","decision10297-09-21",""
7124,OK,"what-to-do-now-if-you-are-considering-a-divorce","what-to-do-now-if-you-are-considering-a-divorce",""
6913,OK,"court-judge","court-judge",""
6894,OK,"apostille","apostille",""
6809,OK,"sexual-offenses","sexual-offenses",""
6802,OK,"israel-police","israel-police",""
6635,OK,"should-i-admit-guilt-to-my-criminal-defense-attorney","should-i-admit-guilt-to-my-criminal-defense-attorney",""
6506,OK,"compulsory-motor-vehicle-insurance","compulsory-motor-vehicle-insurance",""
6503,OK,"home-insurance","home-insurance",""
6464,OK,"report-crime","report-crime",""
6429,OK,"must-have-traits-of-a-good-family-lawyer","must-have-traits-of-a-good-family-lawyer",""
6157,OK,"sex-crime-lawyer","sex-crime-lawyer",""
6142,OK,"7-reasons-why-you-need-a-prenup","7-reasons-why-you-need-a-prenup",""
6104,OK,"jurisprudence","jurisprudence",""
6093,OK,"how-contracts-can-protect-you-and-your-business","how-contracts-can-protect-you-and-your-business",""
5991,OK,"application-for-extension-of-detention-form","application-for-extension-of-detention-form",""
5992,OK,"request-for-extension-of-detention-beyond-nine-months","request-for-extension-of-detention-beyond-nine-months",""
5986,OK,"extension-of-detention-for-more-than-thirty-days","extension-of-detention-for-more-than-thirty-days",""
5978,OK,"rape-us-law","rape-us-law",""
5971,OK,"sexual-battery-us-law","sexual-battery-us-law",""
5967,OK,"marijuana-possession-us-law","marijuana-possession-us-law",""
5943,OK,"2015-2016-major-supreme-court-ruling","2015-2016-major-supreme-court-ruling",""
5836,OK,"description-and-structure-of-the-ministry-of-justice","description-and-structure-of-the-ministry-of-justice",""
5799,OK,"preparing-for-law-school","preparing-for-law-school",""
5760,OK,"the-race-for-jurisdiction-family-law","the-race-for-jurisdiction-family-law",""
5723,OK,"roman-zadorov-detention-until-the-end-of-proceedings","roman-zadorov-detention-until-the-end-of-proceedings",""
5707,OK,"public-defender-annual-report-2019","public-defender-annual-report-2019",""
5633,OK,"compensation-flight-delayed","compensation-flight-delayed",""
5627,OK,"mom-full-custody","mom-full-custody",""
5591,OK,"arbitration-dispute-between-partners-law-firm","arbitration-dispute-between-partners-law-firm",""
5560,OK,"custody-rights-for-fathers","custody-rights-for-fathers",""
5544,OK,"department-of-justice-general-manager","department-of-justice-general-manager",""
5499,OK,"attorney-general","attorney-general",""
5405,OK,"joint-custody-shared-parenting","joint-custody-shared-parenting",""
5328,OK,"child-custody-modification","child-custody-modification",""
5316,OK,"what-is-money-laundering","what-is-money-laundering",""
5300,OK,"copyright","copyright",""
5288,OK,"intellectual-property-lawyer","intellectual-property-lawyer",""
5275,OK,"americas-best-law-schools","americas-best-law-schools",""
4945,OK,"tender-years-mother-custody-child-age-under-6","tender-years-mother-custody-child-age-under-6",""
4252,OK,"joint-venture-agreement","joint-venture-agreement",""
4204,OK,"music-recording-contract","music-recording-contract",""
4145,OK,"force-majeure","force-majeure",""
3621,FAIL,"beginners-guide-how-to-choose-the-best-website-builder","","409: ""<h1>Publication blocked</h1><p>This content still contains internal editorial/project markers and was not published.</p><p><strong>Detected markers:</strong> <code>CMS</code></p><p>Keep the post as draft, move internal notes to the internal editorial note, then publish only the public-facing Hebrew article body.</p>"""
3632,OK,"sample-terms-and-conditions-template","sample-terms-and-conditions-template",""
3619,OK,"cryptocurrency-legislation-2021","cryptocurrency-legislation-2021",""
3604,FAIL,"what-is-a-law-firm","","409: ""<h1>Publication blocked</h1><p>This content still contains internal editorial/project markers and was not published.</p><p><strong>Detected markers:</strong> <code>CMS</code></p><p>Keep the post as draft, move internal notes to the internal editorial note, then publish only the public-facing Hebrew article body.</p>"""
3592,FAIL,"small-business-startup-costs","","409: ""<h1>Publication blocked</h1><p>This content still contains internal editorial/project markers and was not published.</p><p><strong>Detected markers:</strong> <code>CMS</code></p><p>Keep the post as draft, move internal notes to the internal editorial note, then publish only the public-facing Hebrew article body.</p>"""
3567,OK,"digital-marketing-agency","digital-marketing-agency",""
3550,OK,"types-of-lawyers-small-business","types-of-lawyers-small-business",""
3532,OK,"free-affidavit-sample","free-affidavit-sample",""
3527,OK,"submitting-affidavit-israel-court","submitting-affidavit-israel-court",""
3519,OK,"form-6-request-urgent-relief-dispute-settlement","form-6-request-urgent-relief-dispute-settlement",""
3510,OK,"request-for-family-dispute-settlements","request-for-family-dispute-settlements",""
3499,OK,"divorce-with-consent","divorce-with-consent",""
3473,FAIL,"search-engine-optimization","","409: ""<h1>Publication blocked</h1><p>This content still contains internal editorial/project markers and was not published.</p><p><strong>Detected markers:</strong> <code>בעל האתר</code></p><p>Keep the post as draft, move internal notes to the internal editorial note, then publish only the public-facing Hebrew article body.</p>"""
3468,OK,"2018-2019-major-supreme-court-ruling","2018-2019-major-supreme-court-ruling",""
3452,OK,"us-law-aggravating-factors-in-criminal-sentences","us-law-aggravating-factors-in-criminal-sentences",""
3450,OK,"usa-arraignment-formal-reading-of-criminal-charging","usa-arraignment-formal-reading-of-criminal-charging",""
3430,OK,"how-to-find-a-professional-web-development-agency","how-to-find-a-professional-web-development-agency",""
3428,FAIL,"what-to-avoid-when-hiring-a-web-design-company","","409: ""<h1>Publication blocked</h1><p>This content still contains internal editorial/project markers and was not published.</p><p><strong>Detected markers:</strong> <code>CMS</code></p><p>Keep the post as draft, move internal notes to the internal editorial note, then publish only the public-facing Hebrew article body.</p>"""
3402,FAIL,"web-development-agreement","","409: ""<h1>Publication blocked</h1><p>This content still contains internal editorial/project markers and was not published.</p><p><strong>Detected markers:</strong> <code>בעל האתר</code></p><p>Keep the post as draft, move internal notes to the internal editorial note, then publish only the public-facing Hebrew article body.</p>"""
3381,OK,"prenuptial-agreement-sample","prenuptial-agreement-sample",""
3371,OK,"prenuptial-agreements-overview","prenuptial-agreements-overview",""
3334,FAIL,"powerful-seo-tools-for-your-law-firm","","409: ""<h1>Publication blocked</h1><p>This content still contains internal editorial/project markers and was not published.</p><p><strong>Detected markers:</strong> <code>GSC</code></p><p>Keep the post as draft, move internal notes to the internal editorial note, then publish only the public-facing Hebrew article body.</p>"""
3315,OK,"blood-alcohol-content-breathalyzer","blood-alcohol-content-breathalyzer",""
3310,OK,"yanshuf-breathalyzer-test","yanshuf-breathalyzer-test",""
3306,OK,"how-much-does-prenup-cost","how-much-does-prenup-cost",""
3300,OK,"changing-or-canceling-a-prenuptial-agreement","changing-or-canceling-a-prenuptial-agreement",""
3274,OK,"what-to-consider-when-hiring-a-criminal-lawyer","what-to-consider-when-hiring-a-criminal-lawyer",""
3265,FAIL,"standards-of-medical-fitness-to-drive","","409: ""<h1>Publication blocked</h1><p>This content still contains internal editorial/project markers and was not published.</p><p><strong>Detected markers:</strong> <code>CMS</code></p><p>Keep the post as draft, move internal notes to the internal editorial note, then publish only the public-facing Hebrew article body.</p>"""
3263,OK,"medical-fitness-tests-for-driving-marvad-info","medical-fitness-tests-for-driving-marvad-info",""
3254,OK,"medical-institute-for-road-safety","medical-institute-for-road-safety",""
3242,OK,"punishment-of-parents-and-relatives-for-negligently-causing-death","punishment-of-parents-and-relatives-for-negligently-causing-death",""
3237,OK,"punishment-for-offenses-of-causing-death-in-road-accidents","punishment-for-offenses-of-causing-death-in-road-accidents",""
3222,OK,"car-accident-auto-injury-lawyer","car-accident-auto-injury-lawyer",""
3211,OK,"prenuptial-agreement-for-second-marriage","prenuptial-agreement-for-second-marriage",""
3207,OK,"marital-property-agreement","marital-property-agreement",""
3202,OK,"returning-resident-rights-determining-tax-rate","returning-resident-rights-determining-tax-rate",""
3196,OK,"common-law-marriage","common-law-marriage",""
3191,OK,"living-apart-together-legal-rights","living-apart-together-legal-rights",""
3188,OK,"cohabitation-agreement","cohabitation-agreement",""
3164,FAIL,"what-is-bitcoin-and-how-does-it-work","","409: ""<h1>Publication blocked</h1><p>This content still contains internal editorial/project markers and was not published.</p><p><strong>Detected markers:</strong> <code>בעל האתר</code></p><p>Keep the post as draft, move internal notes to the internal editorial note, then publish only the public-facing Hebrew article body.</p>"""
3157,OK,"what-is-a-divorce-settlement-agreement","what-is-a-divorce-settlement-agreement",""
3147,OK,"cohabitation-property-rights-for-unmarried-couples","cohabitation-property-rights-for-unmarried-couples",""
3130,OK,"free-divorce-agreement-template","free-divorce-agreement-template",""
3118,OK,"how-much-does-a-divorce-agreement-cost","how-much-does-a-divorce-agreement-cost",""
3113,OK,"cancel-a-divorce-settlement-agreement","cancel-a-divorce-settlement-agreement",""
3095,OK,"apply-for-police-criminal-information-certificates","apply-for-police-criminal-information-certificates",""
3080,OK,"what-should-a-divorce-settlement-agreement-include","what-should-a-divorce-settlement-agreement-include",""
3061,OK,"employer-worker-relationship","employer-worker-relationship",""
3048,OK,"inheritance","inheritance",""
3017,OK,"will-and-testament","will-and-testament",""
3007,OK,"2019-2020-major-supreme-court-ruling","2019-2020-major-supreme-court-ruling",""
2993,OK,"legality-of-cannabis","legality-of-cannabis",""
2989,OK,"sitemap-jus-tice","sitemap-jus-tice",""
2970,OK,"will-probate-objection","will-probate-objection",""
2963,OK,"what-is-a-probate-order","what-is-a-probate-order",""
2955,OK,"what-is-justice","what-is-justice",""
2943,OK,"maximize-an-inheritance","maximize-an-inheritance",""
2921,OK,"inheritance-order","inheritance-order",""
2915,OK,"what-is-bitcoin","what-is-bitcoin",""
2907,OK,"what-is-intellectual-property","what-is-intellectual-property",""
2885,OK,"how-much-will-a-criminal-defense-lawyer-cost","how-much-will-a-criminal-defense-lawyer-cost",""
2876,FAIL,"everything-you-need-to-know-about-becoming-a-criminal-lawyer","","409: ""<h1>Publication blocked</h1><p>This content still contains internal editorial/project markers and was not published.</p><p><strong>Detected markers:</strong> <code>בדיקה משפטית</code></p><p>Keep the post as draft, move internal notes to the internal editorial note, then publish only the public-facing Hebrew article body.</p>"""
2849,OK,"how-to-deal-with-problematic-employees-aside-from-termination","how-to-deal-with-problematic-employees-aside-from-termination",""
2833,OK,"israel-framework-for-reopening-schools-coronavirus-2020","israel-framework-for-reopening-schools-coronavirus-2020",""
2816,OK,"division-of-a-couples-apartment-and-its-implications-for-charging-the-ketubah","division-of-a-couples-apartment-and-its-implications-for-charging-the-ketubah",""
2791,OK,"united-arab-emirates-market-overview","united-arab-emirates-market-overview",""
2765,OK,"revocation-of-a-will-and-reviving-previous-will","revocation-of-a-will-and-reviving-previous-will",""
2753,OK,"characteristics-and-outcomes-of-children-with-coronavirus","characteristics-and-outcomes-of-children-with-coronavirus",""
2698,OK,"cancellation-of-closed-case-records-from-the-criminal-database","cancellation-of-closed-case-records-from-the-criminal-database",""
2692,OK,"research-report-n156-persistent-symptoms","research-report-n156-persistent-symptoms",""
2429,OK,"income-protection-insurance","income-protection-insurance",""
2124,OK,"driver-with-36-valid-points-or-more-will-be-disqualified-from-holding-a-drivers-license","driver-with-36-valid-points-or-more-will-be-disqualified-from-holding-a-drivers-license",""
1978,OK,"self-employed-and-freelancer","self-employed-and-freelancer",""
1903,OK,"coronavirus-employers-guide","coronavirus-employers-guide",""
1751,OK,"traffic-lawyer","traffic-lawyer",""
1518,OK,"continuous-power-of-attorney-israel","continuous-power-of-attorney-israel",""
1509,OK,"israel-notary-public","israel-notary-public",""
1224,OK,"prenup-attorney","prenup-attorney",""
1149,OK,"real-estate-attorney","real-estate-attorney",""
1142,FAIL,"lawyer-for-buying-or-selling-a-house","","409: ""<h1>Publication blocked</h1><p>This content still contains internal editorial/project markers and was not published.</p><p><strong>Detected markers:</strong> <code>בדיקה משפטית</code></p><p>Keep the post as draft, move internal notes to the internal editorial note, then publish only the public-facing Hebrew article body.</p>"""
1134,OK,"tma-38-and-urban-renewal-lawyer","tma-38-and-urban-renewal-lawyer",""
1130,OK,"medical-malpractice-lawyer-1130","medical-malpractice-lawyer-1130",""
1125,OK,"divorce-mediation-basics","divorce-mediation-basics",""
1116,OK,"employment-contract","employment-contract",""
1108,OK,"israel-road-accident-compensation-law","israel-road-accident-compensation-law",""
1100,OK,"how-to-run-a-successful-law-firm","how-to-run-a-successful-law-firm",""
948,OK,"israel-crime-statistics","israel-crime-statistics",""
921,OK,"working-permit-for-foreign-workers","working-permit-for-foreign-workers",""
888,OK,"police-records-data-deletion","police-records-data-deletion",""
882,OK,"expungement-of-criminal-records","expungement-of-criminal-records",""
877,OK,"detention-days","detention-days",""
872,OK,"detention-before-charge-or-trial","detention-before-charge-or-trial",""
867,OK,"drug-trafficking","drug-trafficking-2",""
862,OK,"drug-related-crime","drug-related-crime",""
845,OK,"drug-possession","drug-possession-2",""
839,OK,"speeding","speeding",""
834,OK,"driving-under-the-influence","driving-under-the-influence",""
829,OK,"driving-under-the-influence-of-drugs","driving-under-the-influence-of-drugs",""
823,OK,"dui-refusal-blood-breath-urine-test","dui-refusal-blood-breath-urine-test",""
344,OK,"tort-lawyer","tort-lawyer",""
968,OK,"what-is-a-contract","what-is-a-contract",""
5871,OK,"2017-2018-major-supreme-court-ruling","2017-2018-major-supreme-court-ruling",""
1067,OK,"filing-a-lawsuit-how-to-sue","filing-a-lawsuit-how-to-sue",""
1098,OK,"find-lawyer-how-to-find-good-attorney","find-lawyer-how-to-find-good-attorney",""