id,gate,status,file,evidence,missing_markers,next_action,owner_notice
LSE-01,paid_plan_catalog_and_checkout_mapping,PASS,inc/lawyer-plans.php,6/6 markers found,,Use the plan payment requirements table before any paid-plan walkthrough.,This proves plan/catalog hooks exist; it does not prove provider products are live.
LSE-02,manual_invoice_checkout_fallback,PASS,inc/payment-compliance-routes.php,10/10 markers found,,"During walkthrough, open the fallback checkout path and verify customer fields, terms, cancellation and privacy links.",This is the safe no-charge path while Grow/Morning are not fully proven.
LSE-03,lawyer_registration_captures_plan_and_billing,PASS,page-lawyer-registration.php,8/8 markers found,,"Create only an owner-approved test lawyer/profile in the live walkthrough, then confirm billing metadata lands on the draft profile.",No test lawyer should be created without owner approval because it touches live CRM/profile data.
LSE-04,onboarding_admin_payment_queue,PASS,inc/lawyer-onboarding.php,8/8 markers found,,"In wp-admin, verify the lawyer appears in the correct billing queue and only send payment email from an owner-approved test record.","The queue exists, but real email/payment proof still requires an approved live record."
LSE-05,lawyer_dashboard_payment_and_service_requests,PASS,page-lawyer-dashboard.php,5/5 markers found,,"Walk through the lawyer dashboard after a claimed profile exists: payment link, upgrade, downgrade, cancel, refund, invoice and lead-stage update.",Requires a real logged-in lawyer user linked to a claimed lawyer profile.
LSE-06,lawyer_dashboard_request_handlers,PASS,inc/lawyer-dashboard.php,7/7 markers found,,Submit one controlled dashboard service request and one lead-stage update only after the live test lawyer exists.,This proves handlers exist; it does not prove a live lawyer session or lead assignment exists.
LSE-07,qualified_lead_billing_proof_fields,PASS,inc/lead-crm.php,7/7 markers found,,"After a controlled lead is assigned, record invoice/payment proof before counting revenue.",Revenue is not proven until invoice/reference and payment evidence are recorded.
LSE-08,grow_compliance_checker_available,PASS,tools/check-grow-payment-compliance.mjs,6/6 markers found,,Run the Grow checker before provider/payment walkthrough and keep the generated artifacts private.,"This checks public compliance markers, not live recurring billing."
LSE-09,stale_live_funnel_checker_quarantined,PASS,tools/check-live-lawyer-revenue-funnel.mjs,No stale marker detected in old live funnel checker.,,"Old checker appears safe for review, but prefer this current preflight for the subscription walkthrough.",This warning prevents a false failure caused by the intentionally removed homepage lawyer-pricing strip.
