id,rank,lane,priority_group,title_he,owner_decision_needed_he,why_he,exact_next_step_he,if_approved_he,hard_no_he,suggested_reply_he,source_status,source_artifact,public_action_approved,live_crm_or_outreach_approved,payment_or_invoice_approved
UNBLOCK-01,1,btl_first_paid_lead,top_3,הוכחת ליד בתשלום בביטוח לאומי,"למלא את חבילת מוכנות המקורות של ביטוח לאומי: 3 שורות מומחים פרטיים, כיסוי, ליד אחד עם הסכמה, חיוב, הוכחת תשלום והחלטת go/no-go.","זה המסלול הקרוב ביותר לליד ראשון בתשלום, אבל כרגע יש רק הכנת תשתית ולא ראיות חיות.","הבעלים או מנהל האתר ממלאים את תבנית מוכנות המקורות של BTL מתוך wp-admin/CRM פרטי, בלי להכניס פרטים אישיים לקבצים.",קודקס יכול לבדוק את שורות הראיה ללא פרטים מזהים ולהמשיך רק אם כל השורות עוברות.,"לא פונים ללידים ישנים, לא מעבירים פרטים אישיים, לא מחייבים, לא מסמנים שולם ולא טוענים להכנסה מתוך הקבצים בלבד.",UNBLOCK-01 approve,BTL_OWNER_FIRST_PAID_LEAD_ACTION_SHEET_READY_NO_LIVE_ACTION | BTL_FIRST_REVENUE_OPERATOR_COMMAND_READY_BLOCKED_ON_PRIVATE_EVIDENCE_NO_LIVE_ACTION | BTL_SOURCE_READINESS_ADMIN_FILL_PACKET_READY_BLOCKED_ON_OWNER_ADMIN_EVIDENCE_NO_LIVE_ACTION,.project-control/btl-owner-first-paid-lead-action-sheet-2026-05-27.html,no,no,no
UNBLOCK-02,2,lawyer_subscription_revenue,top_3,בדיקת מסלול מנוי עורך דין,"לבחור זהות בדיקה נשלטת לעורך דין: שם/מייל/טלפון בדיקה ומסלול תשלום מאושר כמו חשבונית ידנית, לינק תשלום מאושר, קישור ספק או dry-run ללא חיוב.","מסלול המנוי מוכן סטטית, אבל הוכחת הכנסה חיה דורשת זהות בדיקה וראיית תשלום שאושרו מראש.",מריצים walkthrough נשלט רק עם זהות הבדיקה ונתיב התשלום שאושרו.,"אפשר לאסוף הוכחות על הרשמה, תוכנית, תשלום, דשבורד ובקשות שירות בתוך היקף בדיקה מוגדר.","לא מחייבים עורך דין אמיתי, לא שולחים לינק תשלום, לא מגישים הרשמה חיה ולא משנים ספק תשלום בלי היקף בדיקה מאושר.",UNBLOCK-02 approve,LAWYER_SUBSCRIPTION_OWNER_PAID_TEST_ACTION_SHEET_READY_NO_LIVE_ACTION | LAWYER_SUBSCRIPTION_CONTROLLED_EVIDENCE_REVIEW_BLOCKED_NO_LIVE_ACTION | MANUAL_INVOICE_FALLBACK_READY_NO_LIVE_PAYMENT_ACTION,.project-control/lawyer-subscription-owner-paid-test-action-sheet-2026-05-27.html,no,no,no
UNBLOCK-08,3,criminal_jerusalem_lawyer_coverage,top_3,כיסוי עורך דין פלילי בירושלים,"לאשר הכנסת/אימות prospect פרטי אחד ב-wp-admin לעורך דין פלילי בירושלים, או להחליט במפורש להקפיא את מסלול הכיסוי המדויק.","הספריה המדויקת פלילי+ירושלים וגם ספריית פלילי בלבד מציגות 0 כרטיסי עורכי דין, לכן אסור להסתמך על הדף לפני שיש כיסוי אמיתי.","למלא את תבנית criminal Jerusalem עם רישיון, התאמת תחום, זמינות תגובה, נתיב תשלום ידני, תנאי fee וכתובת חיוב.",אפשר לבדוק את הראיות הפרטיות ואז לבצע צעד prospect/profile פרטי מאושר לפני הרצה מחדש של בדיקת הכיסוי.,"לא עורכים דף ציבורי, לא יוצרים כרטיס עורך דין ציבורי, לא פונים לעורך דין, לא מנתבים ליד, לא מפיקים חשבונית ולא עושים uPress.",UNBLOCK-08 approve,CRIMINAL_JERUSALEM_OWNER_COVERAGE_ACTION_SHEET_READY_NO_LIVE_ACTION | CRIMINAL_JERUSALEM_COVERAGE_ACTIVATION_PACKET_READY_NO_LIVE_ACTION,.project-control/criminal-jerusalem-owner-coverage-action-sheet-2026-05-27.html,no,no,no
UNBLOCK-03,4,public_existing_route_revenue_copy,secondary,עדכון ציבורי אפשרי בעמוד הסכם שכירות,"לאשר, לערוך, לדחות או להקפיא את חבילת העדכון למסלול הקיים /rental-agreement/.","זה יכול לשפר המרה בעמוד קיים בלי ליצור מסלול כפול, אבל דורש אישור בעלים/SEO/משפטי לפני עריכת CMS.","אם יאושר, מכינים נוסח מדויק לבדיקת בעלים ומשפטי ומריצים QA לפני פרסום.","אפשר להכין טיוטת שינוי מדויקת בלבד, עדיין בלי פרסום.",אין שינוי title/H1/meta/body/link/checkout/CMS/email/uPress בלי אישור ציבורי מפורש.,UNBLOCK-03 approve,OWNER_APPROVAL_QUEUE_READY_NOT_APPROVED,.project-control/public-update-owner-approval-queue-2026-05-27.md,no,no,no
UNBLOCK-04,5,low_hype_rv,secondary,החלטת Low Hype / RV,"להחליט אם Low Hype נשאר פנימי בלבד ואם פיילוט RV שכירות/פיקדון/חיוב מאושר, נדחה או מוקפא.",המחקר תומך בפיילוט צר בלבד; מסלול RV עצמאי עדיין מסוכן מדי.,למלא החלטת בעלים ואז שורות GSC לפני כל תוכן ציבורי.,אפשר להמשיך בדיקת GSC/משפטי פרטית או intake ללא פרטים מזהים רק עם הסכמה מפורשת.,"אין תווית Low Hype ציבורית, אין מסלול RV עצמאי, אין יבוא לידים ישנים, אין שחרור פרטים ואין חיוב.",UNBLOCK-04 park,LOW_HYPE_RV_FIRST_PILOT_DECISION_QUEUE_READY_NO_PUBLIC_CHANGE,.project-control/low-hype-rv-first-pilot-decision-queue-2026-05-27.md,no,no,no
UNBLOCK-05,6,tel_aviv_family_evidence_completion,secondary,עמוד גירושין תל אביב,לאמת מוכנות wp-admin לשלושת כרטיסי דיני משפחה בתל אביב ולספק שורות GSC לקבוצת גירושין תל אביב.,"יש כיסוי ספריה שנראה חי, אבל פרסום דורש מוכנות פרופילים, GSC ובדיקת משפטית/עריכה.","למלא תבנית public-draft gate עם ספירת פרופילים, GSC, בודק משפטי/עריכה והחלטת בעלים.",אפשר להכין טיוטת fit-check צרה שמגינה על pillar הגירושין ועל עמודים קשורים.,"אין CMS, title/H1/meta/body, קישורים פנימיים, שינוי ספריה, redirects/canonicals/noindex/sitemap/uPress.",UNBLOCK-05 needs_more_evidence,TEL_AVIV_FAMILY_EVIDENCE_COMPLETION_CONTROL_CENTER_READY_BLOCKED_ON_HUMAN_FILL_NO_PUBLIC_CHANGE,.project-control/tel-aviv-family-evidence-completion-control-center-2026-05-27.md,no,no,no
UNBLOCK-06,7,criminal_jerusalem_role,secondary,תפקיד העמוד פלילי ירושלים,"למלא החלטת GSC/בעלים: לשמר, לערוך, לאחד או להקפיא את /criminal-lawyer-jerusalem/ ולהחליט מי הבעלים של מסלול פלילי המרכזי.","העמוד כבר ציבורי ודק, אבל אסור לערוך לפני שמחליטים איך הוא משתלב עם pillar פלילי ועמודים מומחים.","להשתמש בשורות GSC ובהחלטת בעלים כדי למפות בעלות מסלול מרכזי, תפקיד עמוד מקומי ועמודים מוגנים.",אפשר להכין טיוטת עדכון רק אחרי שבעלות המסלול ברורה.,"אין עריכה ציבורית, ביטול פרסום, redirect, canonical/noindex, שינוי קישורים פנימיים, sitemap או taxonomy.",UNBLOCK-06 needs_more_evidence,CRIMINAL_LAW_PILLAR_SPLIT_DECISION_PACKET_READY_NO_PUBLIC_CHANGE,.project-control/criminal-law-pillar-split-decision-packet-2026-05-27.md,no,no,no
UNBLOCK-07,8,whatsapp_talkto_consent,secondary,הסכמה ללידים מ-WhatsApp/TalkTo,לאשר או לערוך נוסח הסכמה/re-permission וכללי suppression לפני טיפול בלידים אמיתיים.,"צאטים נכנסים וישנים יכולים להפוך ל-CRM רק אם הסכמה, כללי עצירה וגבולות no-PII ברורים.",בעלים/משפטי בודקים את חבילת ההודעות; אחר כך אפשר להכין preflight מייצוא שהבעלים מספק.,אפשר לטפל בפניות עדכניות רק עם הרשאה; לידים ישנים רק אחרי re-permission מאושר.,"אין הודעות bulk, אין התאמת לידים ישנים, אין שחרור PII, אין preview לשותף, אין חשבונית ואין טענת הכנסה.",UNBLOCK-07 edit,CONSENT_MESSAGE_PACK_READY_FOR_OWNER_LEGAL_REVIEW_NO_SEND,.project-control/whatsapp-talkto-consent-message-pack-2026-05-27.md,no,no,no
UNBLOCK-00,99,homepage_live_deployment_closed,secondary,פריסת עמוד הבית החי - הושלמה,"אין פעולה נדרשת עכשיו: Pull Git ב-uPress בוצע, ונוסח עמוד הבית החדש אומת באתר החי.",חסם שכבר נסגר לא צריך להישאר מעל משימות ההכנסה. השורה נשמרת רק לתיעוד ובקרה.,"להשאיר את הוכחת האימות מחוברת. אם תעלה בעיית מטמון או תצוגה, לבצע בדיקת קריאה בלבד מחדש.","אין צורך באישור נוסף לשורה הזו; המיקוד עובר להוכחת ליד בתשלום בביטוח לאומי, מנוי עורך דין, וכיסוי ספקים.","אין עריכת CMS, redirect, canonical/noindex, sitemap, taxonomy, CRM, תשלום, ספק או uPress מתוך שורת תיעוד סגורה.",UNBLOCK-00 closed,HOMEPAGE_DEPLOYMENT_BLOCKED_UPRESS_PULL_REQUIRED | HOMEPAGE_PUBLIC_HELP_LIVE_VERIFIED_UPRESS_PULL_DONE,.project-control/homepage-public-help-live-verification-2026-05-27.md,no,no,no
