"path","bytes","sha256","last_modified_local"
"ultra-justice-engine/includes/admin-pages.php","98","BD8D4F526BA6046F070EF108AB4B4CA045473F38D2C4BF48E646C7579F50E63D","2026-05-09 18:33:15"
"ultra-justice-engine/includes/agent-bridge.php","4316","42BFC48817BF978E7150B796AAD4EB2EE5AACDD16F595D5AD1BA191BD49BD652","2026-05-11 04:50:16"
"ultra-justice-engine/includes/cpt-articles.php","1979","E2711D980EBDB9DD94E73E6C7426BA7632AFBE7AAEF100EC7C85DDA176632400","2026-05-11 01:59:49"
"ultra-justice-engine/includes/cpt-lawyers.php","16972","9DF3D541C97DB773869107E52A011918D5D019DBF2BA8D01716C1B4219D0D702","2026-05-09 21:02:05"
"ultra-justice-engine/includes/cpt-legal-tools.php","7167","87BDF6152A99F2C815B8C73452CCCAE27E68ED2B8B9D6F355DF9B9C8E9A9A536","2026-05-11 05:20:18"
"ultra-justice-engine/includes/file-tools.php","130","7F1C710F3CE1F1165705F5CB9E8E34C9FE5146CB08C283C4B3CA4AF45BF5BE6B","2026-05-09 18:33:15"
"ultra-justice-engine/includes/lead-submissions.php","10261","B835132DF772DD58C2E3DD0DCA2BAA29B9C8B3CCEF2976DCA7B86304558D43D2","2026-05-10 17:38:20"
"ultra-justice-engine/includes/logger.php","693","0EFC9851708714B634027124AE95CC24A71A739C1E6C6151DE9917E940686D25","2026-05-09 18:33:15"
"ultra-justice-engine/includes/rest-content-tools.php","9238","B71848E22B2D1CD1B766C583ED489A8FD625F6C0333216A12C0256DA21EF1CDC","2026-05-11 04:50:16"
"ultra-justice-engine/includes/rest-db-tools.php","7632","17ABD1A13847683FFCA2BA4A514F86F8CD790413458BEE8C9DCAC7FA1F959426","2026-05-09 18:33:15"
"ultra-justice-engine/includes/rest-health.php","2506","2DD422C09596AD31B59EA50CF4E59587A8DB93E87C75C6E4612DDD5B293728ED","2026-05-09 18:33:15"
"ultra-justice-engine/includes/rest-routes.php","139","737481EA5D7995BAD46EF9D99B4A0C4B9D98F6FE8B42DF282688D65D9C497E2F","2026-05-09 18:33:15"
"ultra-justice-engine/includes/security.php","108","2BBE8B21E0F1D0D001F94B36A9ED7BD757594B624F585461E65A924B3B9E20C0","2026-05-09 18:33:15"
"ultra-justice-engine/includes/seeder.php","12288","6D2B998C5ADD8CFFB5F3E7011DC5537A840674A4F2953558A1DA8D4447F23AD7","2026-05-11 05:01:05"
"ultra-justice-engine/includes/taxonomy-city.php","2232","03B7FF0128D8486252DD1DE06553013B13768C92D9CD09CFFFD9B6D9C2170F88","2026-05-09 18:36:00"
"ultra-justice-engine/includes/taxonomy-practice-areas.php","1287","0BD04C37C806D48DA45890769CAB73736D6CA777C276134E970F8E8D4B151133","2026-05-11 02:00:10"
"ultra-justice-engine/ultra-justice-engine.php","3346","EDC60B1C76D1B65A7B5FF04C75729C6D4BA568F08B74EC852A40E7798736970F","2026-05-09 21:13:03"
