map_id,wp_area,field_or_action,value,status,why,qa_check,blocked_until
RE-CMS-MAP-001,identity,target_url,https://jus-tice.co.il/real-estate-attorney/,VERIFIED_PLANNING,Existing high-impression commercial hub URL,Confirm status 200 before and after upload,Owner approves real-estate update
RE-CMS-MAP-002,identity,slug,/real-estate-attorney/,VERIFIED_PLANNING,No URL change in first rescue edit,Confirm slug unchanged in CMS,Owner approves real-estate update
RE-CMS-MAP-003,live_snapshot,http_canonical_robots,"HTTP 200; self-canonical; robots index follow",VERIFIED_LIVE,Live page is crawlable and should be preserved,Recheck source before and after upload,Owner approves real-estate update
RE-CMS-MAP-004,backup,current_body,Save full current live body before overwrite,REQUIRED_PRE_UPLOAD,Rollback protection,Backup file or CMS revision exists,Owner approves real-estate update
RE-CMS-MAP-005,backup,current_metadata,"Save current title H1 SEO title meta description OG canonical robots taxonomy related links schema source",REQUIRED_PRE_UPLOAD,Rollback protection,Backup values captured before edit,Owner approves real-estate update
RE-CMS-MAP-006,content,body_source,project-control/money-query-seo-rescue-edit-blocks-2026-05-19.md,READY_FOR_REVIEW,Exact intro practical CTA and internal-link blocks already exist,Use the real-estate section only,Owner approves edit source
RE-CMS-MAP-007,content,post_title_h1,"עורך דין מקרקעין לקנייה, מכירה ורישום נכס",RECOMMENDED,Clear commercial intent without fake trust or free-consultation language,Confirm exactly one visible H1,Owner approves metadata
RE-CMS-MAP-008,seo,seo_title,"עורך דין מקרקעין: קנייה, מכירה, חוזים ורישום זכויות | Jus-Tice",RECOMMENDED,Tighter money-query title and safer than current claim-heavy title,Confirm source title output,Owner approves metadata
RE-CMS-MAP-009,seo,meta_description,"מדריך מעשי למציאת עורך דין מקרקעין: בדיקות לפני קנייה או מכירה, חוזה, טאבו, מיסוי, מסירה מקבלן ומתי לפנות לייעוץ משפטי.",RECOMMENDED,Answers search intent without recommended or free-consultation claims,Confirm meta description in source,Owner approves metadata
RE-CMS-MAP-010,social,og_title,"עורך דין מקרקעין: קנייה, מכירה ורישום זכויות",RECOMMENDED,Short social title aligned with page topic,Confirm OG title in source,Owner approves metadata
RE-CMS-MAP-011,social,og_description,"מדריך מעשי למציאת עורך דין מקרקעין: בדיקות לפני קנייה או מכירה, חוזה, טאבו, מיסוי, מסירה מקבלן ומתי לפנות לייעוץ משפטי.",RECOMMENDED,Consistent share description,Confirm OG description in source,Owner approves metadata
RE-CMS-MAP-012,navigation,breadcrumb_label,עורך דין מקרקעין,RECOMMENDED,Short navigational label,Confirm breadcrumb and BreadcrumbList output,Owner approves metadata
RE-CMS-MAP-013,seo,canonical,https://jus-tice.co.il/real-estate-attorney/,VERIFIED_PLANNING,Self-canonical avoids migration risk,Confirm canonical unchanged,Owner approves upload
RE-CMS-MAP-014,seo,robots,index follow,VERIFIED_PLANNING,The live page is already indexable and should stay indexable after QA,Confirm no accidental noindex,Owner approves upload
RE-CMS-MAP-015,taxonomy,practice_area,existing real-estate practice area only,RECOMMENDED,Avoid taxonomy fragmentation during first page update,Confirm no new term was created,Owner approves taxonomy use
RE-CMS-MAP-016,body,intro_block,Use real-estate intro block from money-query rescue file,RECOMMENDED,Improves first-screen intent and reduces keyword-stuffed opening,Compare first paragraphs after upload,Owner approves body edit
RE-CMS-MAP-017,body,practical_section,Use real-estate practical section from money-query rescue file,RECOMMENDED,Adds user-intent structure around when to contact a real-estate lawyer,Confirm H2 and bullet list render,Owner approves body edit
RE-CMS-MAP-018,cta,neutral_cta,Use real-estate CTA block from money-query rescue file,RECOMMENDED,Creates lead path without outcome promise or fake free advice,Confirm CTA contains no blocked claims,Owner approves body edit
RE-CMS-MAP-019,internal_links,outbound_contextual,"/real-estate-lawyer-guide/; /lawyer-for-buying-or-selling-a-house/; /registration-of-real-estate-israel/; /real-estate-lawyer-cost-2025/; /lawyers/?area=real-estate-law",RECOMMENDED,Connects commercial hub to live support and directory pages,Confirm all new links return 200,Owner approves internal links
RE-CMS-MAP-020,internal_links,inbound_batch,"Add support-to-hub links later from guide purchase-sale registration and cost pages",BLOCKED,Inbound support edits should happen only after hub edit passes QA,Confirm hub QA first,Hub update approved and verified
RE-CMS-MAP-021,redirects,redirect_policy,No redirects in first update,BLOCKED,Preserves live support URLs and avoids migration risk,Confirm redirect table unchanged,Separate redirect plan approval
RE-CMS-MAP-022,canonicals,support_canonical_policy,Do not canonicalize support pages into the hub,BLOCKED,Support pages still have distinct intent,Confirm support canonicals unchanged,Separate canonical review
RE-CMS-MAP-023,sitemap,sitemap_policy,Do not remove support pages from sitemap during this edit,BLOCKED,No sitemap migration approved,Confirm sitemap unchanged,Separate sitemap plan approval
RE-CMS-MAP-024,schema,allowed_schema,"WebPage Article Breadcrumb only if visible content matches",REVIEW_ONLY,Safe structured data only,Inspect source after upload,Owner approves upload
RE-CMS-MAP-025,schema,blocked_schema,"Review; AggregateRating; fake ratings; fake badges; top recommended trusted claims",BLOCKED,Compliance and Google rich-result risk,Inspect source after upload,Review reputation module approval
RE-CMS-MAP-026,language,blocked_terms,"מומלץ; הכי טוב; מוביל; אמין; ייעוץ חינם; guaranteed outcomes; city coverage claims without real coverage",BLOCKED,Current title uses unsafe claim language that should be removed,Scan title H1 meta body and CTA after upload,Owner approves copy and QA
RE-CMS-MAP-027,qa,post_upload,"200 status; self canonical; indexable; exact title; one H1; meta present; links 200; no Review schema; mobile desktop readable",REQUIRED_POST_UPLOAD,Money-page update must be checked immediately,Run source checks and screenshots if possible,Owner approves upload
RE-CMS-MAP-028,gsc,gsc_monitoring,"Monitor /real-estate-attorney/ for real-estate lawyer queries after recrawl",BLOCKED_UNTIL_UPLOAD,Needed to measure CTR and position changes,Compare 7 and 28 day query/page data,Public edit completed and indexed
RE-CMS-MAP-029,safety,live_change_status,No public CMS change executed in this cycle,VERIFIED,Repo-only planning and read-only live checks,Confirm git diff contains only project-control files,None
